2026-07-18 23:11:35,041 | ERROR    | logging_middleware.py:89 | Unhandled Exception DELETE /api/v1/documents/2ef0b6da-754f-48c7-b7d5-e8f1f880bff2 (2.76 ms)
  + Exception Group Traceback (most recent call last):
  |   File "/home/sagar/AI-ML/evaluation/enterprise-knowledge-assistant/venv/lib/python3.11/site-packages/starlette/_utils.py", line 85, in create_collapsing_task_group
  |     async with anyio.create_task_group() as tg:
  |   File "/home/sagar/AI-ML/evaluation/enterprise-knowledge-assistant/venv/lib/python3.11/site-packages/anyio/_backends/_asyncio.py", line 815, in __aexit__
  |     raise BaseExceptionGroup(
  | ExceptionGroup: unhandled errors in a TaskGroup (1 sub-exception)
  +-+---------------- 1 ----------------
    | Traceback (most recent call last):
    |   File "/home/sagar/AI-ML/evaluation/enterprise-knowledge-assistant/app/middleware/logging_middleware.py", line 56, in dispatch
    |     response = await call_next(request)
    |                ^^^^^^^^^^^^^^^^^^^^^^^^
    |   File "/home/sagar/AI-ML/evaluation/enterprise-knowledge-assistant/venv/lib/python3.11/site-packages/starlette/middleware/base.py", line 168, in call_next
    |     raise app_exc from app_exc.__cause__ or app_exc.__context__
    |   File "/home/sagar/AI-ML/evaluation/enterprise-knowledge-assistant/venv/lib/python3.11/site-packages/starlette/middleware/base.py", line 144, in coro
    |     await self.app(scope, receive_or_disconnect, send_no_error)
    |   File "/home/sagar/AI-ML/evaluation/enterprise-knowledge-assistant/venv/lib/python3.11/site-packages/starlette/middleware/base.py", line 193, in __call__
    |     response = await self.dispatch_func(request, call_next)
    |                ^^^^^^^^^^^^^^^^^^^^^^^^^^^^^^^^^^^^^^^^^^^^
    |   File "/home/sagar/AI-ML/evaluation/enterprise-knowledge-assistant/app/middleware/request_context.py", line 64, in dispatch
    |     response = await call_next(request)
    |                ^^^^^^^^^^^^^^^^^^^^^^^^
    |   File "/home/sagar/AI-ML/evaluation/enterprise-knowledge-assistant/venv/lib/python3.11/site-packages/starlette/middleware/base.py", line 168, in call_next
    |     raise app_exc from app_exc.__cause__ or app_exc.__context__
    |   File "/home/sagar/AI-ML/evaluation/enterprise-knowledge-assistant/venv/lib/python3.11/site-packages/starlette/middleware/base.py", line 144, in coro
    |     await self.app(scope, receive_or_disconnect, send_no_error)
    |   File "/home/sagar/AI-ML/evaluation/enterprise-knowledge-assistant/venv/lib/python3.11/site-packages/starlette/middleware/exceptions.py", line 63, in __call__
    |     await wrap_app_handling_exceptions(self.app, conn)(scope, receive, send)
    |   File "/home/sagar/AI-ML/evaluation/enterprise-knowledge-assistant/venv/lib/python3.11/site-packages/starlette/_exception_handler.py", line 53, in wrapped_app
    |     raise exc
    |   File "/home/sagar/AI-ML/evaluation/enterprise-knowledge-assistant/venv/lib/python3.11/site-packages/starlette/_exception_handler.py", line 42, in wrapped_app
    |     await app(scope, receive, sender)
    |   File "/home/sagar/AI-ML/evaluation/enterprise-knowledge-assistant/venv/lib/python3.11/site-packages/fastapi/middleware/asyncexitstack.py", line 18, in __call__
    |     await self.app(scope, receive, send)
    |   File "/home/sagar/AI-ML/evaluation/enterprise-knowledge-assistant/venv/lib/python3.11/site-packages/starlette/routing.py", line 660, in __call__
    |     await self.middleware_stack(scope, receive, send)
    |   File "/home/sagar/AI-ML/evaluation/enterprise-knowledge-assistant/venv/lib/python3.11/site-packages/fastapi/routing.py", line 2683, in app
    |     await route.handle(scope, receive, send)
    |   File "/home/sagar/AI-ML/evaluation/enterprise-knowledge-assistant/venv/lib/python3.11/site-packages/fastapi/routing.py", line 1753, in handle
    |     await self.original_router.handle(scope, receive, send)
    |   File "/home/sagar/AI-ML/evaluation/enterprise-knowledge-assistant/venv/lib/python3.11/site-packages/fastapi/routing.py", line 2738, in handle
    |     await included_router._handle_selected(scope, receive, send)
    |   File "/home/sagar/AI-ML/evaluation/enterprise-knowledge-assistant/venv/lib/python3.11/site-packages/fastapi/routing.py", line 1764, in _handle_selected
    |     await route.handle(scope, receive, send)
    |   File "/home/sagar/AI-ML/evaluation/enterprise-knowledge-assistant/venv/lib/python3.11/site-packages/fastapi/routing.py", line 1753, in handle
    |     await self.original_router.handle(scope, receive, send)
    |   File "/home/sagar/AI-ML/evaluation/enterprise-knowledge-assistant/venv/lib/python3.11/site-packages/fastapi/routing.py", line 2738, in handle
    |     await included_router._handle_selected(scope, receive, send)
    |   File "/home/sagar/AI-ML/evaluation/enterprise-knowledge-assistant/venv/lib/python3.11/site-packages/fastapi/routing.py", line 1773, in _handle_selected
    |     await original_route.handle(scope, receive, send)
    |   File "/home/sagar/AI-ML/evaluation/enterprise-knowledge-assistant/venv/lib/python3.11/site-packages/fastapi/routing.py", line 1264, in handle
    |     await app(scope, receive, send)
    |   File "/home/sagar/AI-ML/evaluation/enterprise-knowledge-assistant/venv/lib/python3.11/site-packages/fastapi/routing.py", line 150, in app
    |     await wrap_app_handling_exceptions(app, request)(scope, receive, send)
    |   File "/home/sagar/AI-ML/evaluation/enterprise-knowledge-assistant/venv/lib/python3.11/site-packages/starlette/_exception_handler.py", line 53, in wrapped_app
    |     raise exc
    |   File "/home/sagar/AI-ML/evaluation/enterprise-knowledge-assistant/venv/lib/python3.11/site-packages/starlette/_exception_handler.py", line 42, in wrapped_app
    |     await app(scope, receive, sender)
    |   File "/home/sagar/AI-ML/evaluation/enterprise-knowledge-assistant/venv/lib/python3.11/site-packages/fastapi/routing.py", line 136, in app
    |     response = await f(request)
    |                ^^^^^^^^^^^^^^^^
    |   File "/home/sagar/AI-ML/evaluation/enterprise-knowledge-assistant/venv/lib/python3.11/site-packages/fastapi/routing.py", line 690, in app
    |     raw_response = await run_endpoint_function(
    |                    ^^^^^^^^^^^^^^^^^^^^^^^^^^^^
    |   File "/home/sagar/AI-ML/evaluation/enterprise-knowledge-assistant/venv/lib/python3.11/site-packages/fastapi/routing.py", line 344, in run_endpoint_function
    |     return await dependant.call(**values)
    |            ^^^^^^^^^^^^^^^^^^^^^^^^^^^^^^
    |   File "/home/sagar/AI-ML/evaluation/enterprise-knowledge-assistant/app/controllers/document_controller.py", line 37, in delete_document
    |     await doc_service.delete_document(
    |           ^^^^^^^^^^^^^^^^^^^^^^^^^^^
    | AttributeError: 'DocumentService' object has no attribute 'delete_document'
    +------------------------------------

The above exception was the direct cause of the following exception:

Traceback (most recent call last):
  File "/home/sagar/AI-ML/evaluation/enterprise-knowledge-assistant/app/middleware/logging_middleware.py", line 56, in dispatch
    response = await call_next(request)
               ^^^^^^^^^^^^^^^^^^^^^^^^
  File "/home/sagar/AI-ML/evaluation/enterprise-knowledge-assistant/venv/lib/python3.11/site-packages/starlette/middleware/base.py", line 168, in call_next
    raise app_exc from app_exc.__cause__ or app_exc.__context__
  File "/home/sagar/AI-ML/evaluation/enterprise-knowledge-assistant/venv/lib/python3.11/site-packages/starlette/middleware/base.py", line 144, in coro
    await self.app(scope, receive_or_disconnect, send_no_error)
  File "/home/sagar/AI-ML/evaluation/enterprise-knowledge-assistant/venv/lib/python3.11/site-packages/starlette/middleware/base.py", line 193, in __call__
    response = await self.dispatch_func(request, call_next)
               ^^^^^^^^^^^^^^^^^^^^^^^^^^^^^^^^^^^^^^^^^^^^
  File "/home/sagar/AI-ML/evaluation/enterprise-knowledge-assistant/app/middleware/request_context.py", line 64, in dispatch
    response = await call_next(request)
               ^^^^^^^^^^^^^^^^^^^^^^^^
  File "/home/sagar/AI-ML/evaluation/enterprise-knowledge-assistant/venv/lib/python3.11/site-packages/starlette/middleware/base.py", line 168, in call_next
    raise app_exc from app_exc.__cause__ or app_exc.__context__
  File "/home/sagar/AI-ML/evaluation/enterprise-knowledge-assistant/venv/lib/python3.11/site-packages/starlette/middleware/base.py", line 144, in coro
    await self.app(scope, receive_or_disconnect, send_no_error)
  File "/home/sagar/AI-ML/evaluation/enterprise-knowledge-assistant/venv/lib/python3.11/site-packages/starlette/middleware/exceptions.py", line 63, in __call__
    await wrap_app_handling_exceptions(self.app, conn)(scope, receive, send)
  File "/home/sagar/AI-ML/evaluation/enterprise-knowledge-assistant/venv/lib/python3.11/site-packages/starlette/_exception_handler.py", line 53, in wrapped_app
    raise exc
  File "/home/sagar/AI-ML/evaluation/enterprise-knowledge-assistant/venv/lib/python3.11/site-packages/starlette/_exception_handler.py", line 42, in wrapped_app
    await app(scope, receive, sender)
  File "/home/sagar/AI-ML/evaluation/enterprise-knowledge-assistant/venv/lib/python3.11/site-packages/fastapi/middleware/asyncexitstack.py", line 18, in __call__
    await self.app(scope, receive, send)
  File "/home/sagar/AI-ML/evaluation/enterprise-knowledge-assistant/venv/lib/python3.11/site-packages/starlette/routing.py", line 660, in __call__
    await self.middleware_stack(scope, receive, send)
  File "/home/sagar/AI-ML/evaluation/enterprise-knowledge-assistant/venv/lib/python3.11/site-packages/fastapi/routing.py", line 2683, in app
    await route.handle(scope, receive, send)
  File "/home/sagar/AI-ML/evaluation/enterprise-knowledge-assistant/venv/lib/python3.11/site-packages/fastapi/routing.py", line 1753, in handle
    await self.original_router.handle(scope, receive, send)
  File "/home/sagar/AI-ML/evaluation/enterprise-knowledge-assistant/venv/lib/python3.11/site-packages/fastapi/routing.py", line 2738, in handle
    await included_router._handle_selected(scope, receive, send)
  File "/home/sagar/AI-ML/evaluation/enterprise-knowledge-assistant/venv/lib/python3.11/site-packages/fastapi/routing.py", line 1764, in _handle_selected
    await route.handle(scope, receive, send)
  File "/home/sagar/AI-ML/evaluation/enterprise-knowledge-assistant/venv/lib/python3.11/site-packages/fastapi/routing.py", line 1753, in handle
    await self.original_router.handle(scope, receive, send)
  File "/home/sagar/AI-ML/evaluation/enterprise-knowledge-assistant/venv/lib/python3.11/site-packages/fastapi/routing.py", line 2738, in handle
    await included_router._handle_selected(scope, receive, send)
  File "/home/sagar/AI-ML/evaluation/enterprise-knowledge-assistant/venv/lib/python3.11/site-packages/fastapi/routing.py", line 1773, in _handle_selected
    await original_route.handle(scope, receive, send)
  File "/home/sagar/AI-ML/evaluation/enterprise-knowledge-assistant/venv/lib/python3.11/site-packages/fastapi/routing.py", line 1264, in handle
    await app(scope, receive, send)
  File "/home/sagar/AI-ML/evaluation/enterprise-knowledge-assistant/venv/lib/python3.11/site-packages/fastapi/routing.py", line 150, in app
    await wrap_app_handling_exceptions(app, request)(scope, receive, send)
  File "/home/sagar/AI-ML/evaluation/enterprise-knowledge-assistant/venv/lib/python3.11/site-packages/starlette/_exception_handler.py", line 53, in wrapped_app
    raise exc
  File "/home/sagar/AI-ML/evaluation/enterprise-knowledge-assistant/venv/lib/python3.11/site-packages/starlette/_exception_handler.py", line 42, in wrapped_app
    await app(scope, receive, sender)
  File "/home/sagar/AI-ML/evaluation/enterprise-knowledge-assistant/venv/lib/python3.11/site-packages/fastapi/routing.py", line 136, in app
    response = await f(request)
               ^^^^^^^^^^^^^^^^
  File "/home/sagar/AI-ML/evaluation/enterprise-knowledge-assistant/venv/lib/python3.11/site-packages/fastapi/routing.py", line 690, in app
    raw_response = await run_endpoint_function(
                   ^^^^^^^^^^^^^^^^^^^^^^^^^^^^
  File "/home/sagar/AI-ML/evaluation/enterprise-knowledge-assistant/venv/lib/python3.11/site-packages/fastapi/routing.py", line 344, in run_endpoint_function
    return await dependant.call(**values)
           ^^^^^^^^^^^^^^^^^^^^^^^^^^^^^^
  File "/home/sagar/AI-ML/evaluation/enterprise-knowledge-assistant/app/controllers/document_controller.py", line 37, in delete_document
    await doc_service.delete_document(
          ^^^^^^^^^^^^^^^^^^^^^^^^^^^
AttributeError: 'DocumentService' object has no attribute 'delete_document'
2026-07-18 23:11:38,500 | ERROR    | logging_middleware.py:89 | Unhandled Exception DELETE /api/v1/documents/2ef0b6da-754f-48c7-b7d5-e8f1f880bff2 (2.12 ms)
  + Exception Group Traceback (most recent call last):
  |   File "/home/sagar/AI-ML/evaluation/enterprise-knowledge-assistant/venv/lib/python3.11/site-packages/starlette/_utils.py", line 85, in create_collapsing_task_group
  |     async with anyio.create_task_group() as tg:
  |   File "/home/sagar/AI-ML/evaluation/enterprise-knowledge-assistant/venv/lib/python3.11/site-packages/anyio/_backends/_asyncio.py", line 815, in __aexit__
  |     raise BaseExceptionGroup(
  | ExceptionGroup: unhandled errors in a TaskGroup (1 sub-exception)
  +-+---------------- 1 ----------------
    | Traceback (most recent call last):
    |   File "/home/sagar/AI-ML/evaluation/enterprise-knowledge-assistant/app/middleware/logging_middleware.py", line 56, in dispatch
    |     response = await call_next(request)
    |                ^^^^^^^^^^^^^^^^^^^^^^^^
    |   File "/home/sagar/AI-ML/evaluation/enterprise-knowledge-assistant/venv/lib/python3.11/site-packages/starlette/middleware/base.py", line 168, in call_next
    |     raise app_exc from app_exc.__cause__ or app_exc.__context__
    |   File "/home/sagar/AI-ML/evaluation/enterprise-knowledge-assistant/venv/lib/python3.11/site-packages/starlette/middleware/base.py", line 144, in coro
    |     await self.app(scope, receive_or_disconnect, send_no_error)
    |   File "/home/sagar/AI-ML/evaluation/enterprise-knowledge-assistant/venv/lib/python3.11/site-packages/starlette/middleware/base.py", line 193, in __call__
    |     response = await self.dispatch_func(request, call_next)
    |                ^^^^^^^^^^^^^^^^^^^^^^^^^^^^^^^^^^^^^^^^^^^^
    |   File "/home/sagar/AI-ML/evaluation/enterprise-knowledge-assistant/app/middleware/request_context.py", line 64, in dispatch
    |     response = await call_next(request)
    |                ^^^^^^^^^^^^^^^^^^^^^^^^
    |   File "/home/sagar/AI-ML/evaluation/enterprise-knowledge-assistant/venv/lib/python3.11/site-packages/starlette/middleware/base.py", line 168, in call_next
    |     raise app_exc from app_exc.__cause__ or app_exc.__context__
    |   File "/home/sagar/AI-ML/evaluation/enterprise-knowledge-assistant/venv/lib/python3.11/site-packages/starlette/middleware/base.py", line 144, in coro
    |     await self.app(scope, receive_or_disconnect, send_no_error)
    |   File "/home/sagar/AI-ML/evaluation/enterprise-knowledge-assistant/venv/lib/python3.11/site-packages/starlette/middleware/exceptions.py", line 63, in __call__
    |     await wrap_app_handling_exceptions(self.app, conn)(scope, receive, send)
    |   File "/home/sagar/AI-ML/evaluation/enterprise-knowledge-assistant/venv/lib/python3.11/site-packages/starlette/_exception_handler.py", line 53, in wrapped_app
    |     raise exc
    |   File "/home/sagar/AI-ML/evaluation/enterprise-knowledge-assistant/venv/lib/python3.11/site-packages/starlette/_exception_handler.py", line 42, in wrapped_app
    |     await app(scope, receive, sender)
    |   File "/home/sagar/AI-ML/evaluation/enterprise-knowledge-assistant/venv/lib/python3.11/site-packages/fastapi/middleware/asyncexitstack.py", line 18, in __call__
    |     await self.app(scope, receive, send)
    |   File "/home/sagar/AI-ML/evaluation/enterprise-knowledge-assistant/venv/lib/python3.11/site-packages/starlette/routing.py", line 660, in __call__
    |     await self.middleware_stack(scope, receive, send)
    |   File "/home/sagar/AI-ML/evaluation/enterprise-knowledge-assistant/venv/lib/python3.11/site-packages/fastapi/routing.py", line 2683, in app
    |     await route.handle(scope, receive, send)
    |   File "/home/sagar/AI-ML/evaluation/enterprise-knowledge-assistant/venv/lib/python3.11/site-packages/fastapi/routing.py", line 1753, in handle
    |     await self.original_router.handle(scope, receive, send)
    |   File "/home/sagar/AI-ML/evaluation/enterprise-knowledge-assistant/venv/lib/python3.11/site-packages/fastapi/routing.py", line 2738, in handle
    |     await included_router._handle_selected(scope, receive, send)
    |   File "/home/sagar/AI-ML/evaluation/enterprise-knowledge-assistant/venv/lib/python3.11/site-packages/fastapi/routing.py", line 1764, in _handle_selected
    |     await route.handle(scope, receive, send)
    |   File "/home/sagar/AI-ML/evaluation/enterprise-knowledge-assistant/venv/lib/python3.11/site-packages/fastapi/routing.py", line 1753, in handle
    |     await self.original_router.handle(scope, receive, send)
    |   File "/home/sagar/AI-ML/evaluation/enterprise-knowledge-assistant/venv/lib/python3.11/site-packages/fastapi/routing.py", line 2738, in handle
    |     await included_router._handle_selected(scope, receive, send)
    |   File "/home/sagar/AI-ML/evaluation/enterprise-knowledge-assistant/venv/lib/python3.11/site-packages/fastapi/routing.py", line 1773, in _handle_selected
    |     await original_route.handle(scope, receive, send)
    |   File "/home/sagar/AI-ML/evaluation/enterprise-knowledge-assistant/venv/lib/python3.11/site-packages/fastapi/routing.py", line 1264, in handle
    |     await app(scope, receive, send)
    |   File "/home/sagar/AI-ML/evaluation/enterprise-knowledge-assistant/venv/lib/python3.11/site-packages/fastapi/routing.py", line 150, in app
    |     await wrap_app_handling_exceptions(app, request)(scope, receive, send)
    |   File "/home/sagar/AI-ML/evaluation/enterprise-knowledge-assistant/venv/lib/python3.11/site-packages/starlette/_exception_handler.py", line 53, in wrapped_app
    |     raise exc
    |   File "/home/sagar/AI-ML/evaluation/enterprise-knowledge-assistant/venv/lib/python3.11/site-packages/starlette/_exception_handler.py", line 42, in wrapped_app
    |     await app(scope, receive, sender)
    |   File "/home/sagar/AI-ML/evaluation/enterprise-knowledge-assistant/venv/lib/python3.11/site-packages/fastapi/routing.py", line 136, in app
    |     response = await f(request)
    |                ^^^^^^^^^^^^^^^^
    |   File "/home/sagar/AI-ML/evaluation/enterprise-knowledge-assistant/venv/lib/python3.11/site-packages/fastapi/routing.py", line 690, in app
    |     raw_response = await run_endpoint_function(
    |                    ^^^^^^^^^^^^^^^^^^^^^^^^^^^^
    |   File "/home/sagar/AI-ML/evaluation/enterprise-knowledge-assistant/venv/lib/python3.11/site-packages/fastapi/routing.py", line 344, in run_endpoint_function
    |     return await dependant.call(**values)
    |            ^^^^^^^^^^^^^^^^^^^^^^^^^^^^^^
    |   File "/home/sagar/AI-ML/evaluation/enterprise-knowledge-assistant/app/controllers/document_controller.py", line 37, in delete_document
    |     await doc_service.delete_document(
    |           ^^^^^^^^^^^^^^^^^^^^^^^^^^^
    | AttributeError: 'DocumentService' object has no attribute 'delete_document'
    +------------------------------------

The above exception was the direct cause of the following exception:

Traceback (most recent call last):
  File "/home/sagar/AI-ML/evaluation/enterprise-knowledge-assistant/app/middleware/logging_middleware.py", line 56, in dispatch
    response = await call_next(request)
               ^^^^^^^^^^^^^^^^^^^^^^^^
  File "/home/sagar/AI-ML/evaluation/enterprise-knowledge-assistant/venv/lib/python3.11/site-packages/starlette/middleware/base.py", line 168, in call_next
    raise app_exc from app_exc.__cause__ or app_exc.__context__
  File "/home/sagar/AI-ML/evaluation/enterprise-knowledge-assistant/venv/lib/python3.11/site-packages/starlette/middleware/base.py", line 144, in coro
    await self.app(scope, receive_or_disconnect, send_no_error)
  File "/home/sagar/AI-ML/evaluation/enterprise-knowledge-assistant/venv/lib/python3.11/site-packages/starlette/middleware/base.py", line 193, in __call__
    response = await self.dispatch_func(request, call_next)
               ^^^^^^^^^^^^^^^^^^^^^^^^^^^^^^^^^^^^^^^^^^^^
  File "/home/sagar/AI-ML/evaluation/enterprise-knowledge-assistant/app/middleware/request_context.py", line 64, in dispatch
    response = await call_next(request)
               ^^^^^^^^^^^^^^^^^^^^^^^^
  File "/home/sagar/AI-ML/evaluation/enterprise-knowledge-assistant/venv/lib/python3.11/site-packages/starlette/middleware/base.py", line 168, in call_next
    raise app_exc from app_exc.__cause__ or app_exc.__context__
  File "/home/sagar/AI-ML/evaluation/enterprise-knowledge-assistant/venv/lib/python3.11/site-packages/starlette/middleware/base.py", line 144, in coro
    await self.app(scope, receive_or_disconnect, send_no_error)
  File "/home/sagar/AI-ML/evaluation/enterprise-knowledge-assistant/venv/lib/python3.11/site-packages/starlette/middleware/exceptions.py", line 63, in __call__
    await wrap_app_handling_exceptions(self.app, conn)(scope, receive, send)
  File "/home/sagar/AI-ML/evaluation/enterprise-knowledge-assistant/venv/lib/python3.11/site-packages/starlette/_exception_handler.py", line 53, in wrapped_app
    raise exc
  File "/home/sagar/AI-ML/evaluation/enterprise-knowledge-assistant/venv/lib/python3.11/site-packages/starlette/_exception_handler.py", line 42, in wrapped_app
    await app(scope, receive, sender)
  File "/home/sagar/AI-ML/evaluation/enterprise-knowledge-assistant/venv/lib/python3.11/site-packages/fastapi/middleware/asyncexitstack.py", line 18, in __call__
    await self.app(scope, receive, send)
  File "/home/sagar/AI-ML/evaluation/enterprise-knowledge-assistant/venv/lib/python3.11/site-packages/starlette/routing.py", line 660, in __call__
    await self.middleware_stack(scope, receive, send)
  File "/home/sagar/AI-ML/evaluation/enterprise-knowledge-assistant/venv/lib/python3.11/site-packages/fastapi/routing.py", line 2683, in app
    await route.handle(scope, receive, send)
  File "/home/sagar/AI-ML/evaluation/enterprise-knowledge-assistant/venv/lib/python3.11/site-packages/fastapi/routing.py", line 1753, in handle
    await self.original_router.handle(scope, receive, send)
  File "/home/sagar/AI-ML/evaluation/enterprise-knowledge-assistant/venv/lib/python3.11/site-packages/fastapi/routing.py", line 2738, in handle
    await included_router._handle_selected(scope, receive, send)
  File "/home/sagar/AI-ML/evaluation/enterprise-knowledge-assistant/venv/lib/python3.11/site-packages/fastapi/routing.py", line 1764, in _handle_selected
    await route.handle(scope, receive, send)
  File "/home/sagar/AI-ML/evaluation/enterprise-knowledge-assistant/venv/lib/python3.11/site-packages/fastapi/routing.py", line 1753, in handle
    await self.original_router.handle(scope, receive, send)
  File "/home/sagar/AI-ML/evaluation/enterprise-knowledge-assistant/venv/lib/python3.11/site-packages/fastapi/routing.py", line 2738, in handle
    await included_router._handle_selected(scope, receive, send)
  File "/home/sagar/AI-ML/evaluation/enterprise-knowledge-assistant/venv/lib/python3.11/site-packages/fastapi/routing.py", line 1773, in _handle_selected
    await original_route.handle(scope, receive, send)
  File "/home/sagar/AI-ML/evaluation/enterprise-knowledge-assistant/venv/lib/python3.11/site-packages/fastapi/routing.py", line 1264, in handle
    await app(scope, receive, send)
  File "/home/sagar/AI-ML/evaluation/enterprise-knowledge-assistant/venv/lib/python3.11/site-packages/fastapi/routing.py", line 150, in app
    await wrap_app_handling_exceptions(app, request)(scope, receive, send)
  File "/home/sagar/AI-ML/evaluation/enterprise-knowledge-assistant/venv/lib/python3.11/site-packages/starlette/_exception_handler.py", line 53, in wrapped_app
    raise exc
  File "/home/sagar/AI-ML/evaluation/enterprise-knowledge-assistant/venv/lib/python3.11/site-packages/starlette/_exception_handler.py", line 42, in wrapped_app
    await app(scope, receive, sender)
  File "/home/sagar/AI-ML/evaluation/enterprise-knowledge-assistant/venv/lib/python3.11/site-packages/fastapi/routing.py", line 136, in app
    response = await f(request)
               ^^^^^^^^^^^^^^^^
  File "/home/sagar/AI-ML/evaluation/enterprise-knowledge-assistant/venv/lib/python3.11/site-packages/fastapi/routing.py", line 690, in app
    raw_response = await run_endpoint_function(
                   ^^^^^^^^^^^^^^^^^^^^^^^^^^^^
  File "/home/sagar/AI-ML/evaluation/enterprise-knowledge-assistant/venv/lib/python3.11/site-packages/fastapi/routing.py", line 344, in run_endpoint_function
    return await dependant.call(**values)
           ^^^^^^^^^^^^^^^^^^^^^^^^^^^^^^
  File "/home/sagar/AI-ML/evaluation/enterprise-knowledge-assistant/app/controllers/document_controller.py", line 37, in delete_document
    await doc_service.delete_document(
          ^^^^^^^^^^^^^^^^^^^^^^^^^^^
AttributeError: 'DocumentService' object has no attribute 'delete_document'
2026-07-18 23:11:55,159 | ERROR    | logging_middleware.py:89 | Unhandled Exception POST /api/v1/upload (7263.94 ms)
  + Exception Group Traceback (most recent call last):
  |   File "/home/sagar/AI-ML/evaluation/enterprise-knowledge-assistant/venv/lib/python3.11/site-packages/starlette/_utils.py", line 85, in create_collapsing_task_group
  |     async with anyio.create_task_group() as tg:
  |   File "/home/sagar/AI-ML/evaluation/enterprise-knowledge-assistant/venv/lib/python3.11/site-packages/anyio/_backends/_asyncio.py", line 815, in __aexit__
  |     raise BaseExceptionGroup(
  | ExceptionGroup: unhandled errors in a TaskGroup (1 sub-exception)
  +-+---------------- 1 ----------------
    | Traceback (most recent call last):
    |   File "/home/sagar/AI-ML/evaluation/enterprise-knowledge-assistant/app/middleware/logging_middleware.py", line 56, in dispatch
    |     response = await call_next(request)
    |                ^^^^^^^^^^^^^^^^^^^^^^^^
    |   File "/home/sagar/AI-ML/evaluation/enterprise-knowledge-assistant/venv/lib/python3.11/site-packages/starlette/middleware/base.py", line 168, in call_next
    |     raise app_exc from app_exc.__cause__ or app_exc.__context__
    |   File "/home/sagar/AI-ML/evaluation/enterprise-knowledge-assistant/venv/lib/python3.11/site-packages/starlette/middleware/base.py", line 144, in coro
    |     await self.app(scope, receive_or_disconnect, send_no_error)
    |   File "/home/sagar/AI-ML/evaluation/enterprise-knowledge-assistant/venv/lib/python3.11/site-packages/starlette/middleware/base.py", line 193, in __call__
    |     response = await self.dispatch_func(request, call_next)
    |                ^^^^^^^^^^^^^^^^^^^^^^^^^^^^^^^^^^^^^^^^^^^^
    |   File "/home/sagar/AI-ML/evaluation/enterprise-knowledge-assistant/app/middleware/request_context.py", line 64, in dispatch
    |     response = await call_next(request)
    |                ^^^^^^^^^^^^^^^^^^^^^^^^
    |   File "/home/sagar/AI-ML/evaluation/enterprise-knowledge-assistant/venv/lib/python3.11/site-packages/starlette/middleware/base.py", line 168, in call_next
    |     raise app_exc from app_exc.__cause__ or app_exc.__context__
    |   File "/home/sagar/AI-ML/evaluation/enterprise-knowledge-assistant/venv/lib/python3.11/site-packages/starlette/middleware/base.py", line 144, in coro
    |     await self.app(scope, receive_or_disconnect, send_no_error)
    |   File "/home/sagar/AI-ML/evaluation/enterprise-knowledge-assistant/venv/lib/python3.11/site-packages/starlette/middleware/exceptions.py", line 63, in __call__
    |     await wrap_app_handling_exceptions(self.app, conn)(scope, receive, send)
    |   File "/home/sagar/AI-ML/evaluation/enterprise-knowledge-assistant/venv/lib/python3.11/site-packages/starlette/_exception_handler.py", line 53, in wrapped_app
    |     raise exc
    |   File "/home/sagar/AI-ML/evaluation/enterprise-knowledge-assistant/venv/lib/python3.11/site-packages/starlette/_exception_handler.py", line 42, in wrapped_app
    |     await app(scope, receive, sender)
    |   File "/home/sagar/AI-ML/evaluation/enterprise-knowledge-assistant/venv/lib/python3.11/site-packages/fastapi/middleware/asyncexitstack.py", line 18, in __call__
    |     await self.app(scope, receive, send)
    |   File "/home/sagar/AI-ML/evaluation/enterprise-knowledge-assistant/venv/lib/python3.11/site-packages/starlette/routing.py", line 660, in __call__
    |     await self.middleware_stack(scope, receive, send)
    |   File "/home/sagar/AI-ML/evaluation/enterprise-knowledge-assistant/venv/lib/python3.11/site-packages/fastapi/routing.py", line 2683, in app
    |     await route.handle(scope, receive, send)
    |   File "/home/sagar/AI-ML/evaluation/enterprise-knowledge-assistant/venv/lib/python3.11/site-packages/fastapi/routing.py", line 1753, in handle
    |     await self.original_router.handle(scope, receive, send)
    |   File "/home/sagar/AI-ML/evaluation/enterprise-knowledge-assistant/venv/lib/python3.11/site-packages/fastapi/routing.py", line 2738, in handle
    |     await included_router._handle_selected(scope, receive, send)
    |   File "/home/sagar/AI-ML/evaluation/enterprise-knowledge-assistant/venv/lib/python3.11/site-packages/fastapi/routing.py", line 1764, in _handle_selected
    |     await route.handle(scope, receive, send)
    |   File "/home/sagar/AI-ML/evaluation/enterprise-knowledge-assistant/venv/lib/python3.11/site-packages/fastapi/routing.py", line 1753, in handle
    |     await self.original_router.handle(scope, receive, send)
    |   File "/home/sagar/AI-ML/evaluation/enterprise-knowledge-assistant/venv/lib/python3.11/site-packages/fastapi/routing.py", line 2738, in handle
    |     await included_router._handle_selected(scope, receive, send)
    |   File "/home/sagar/AI-ML/evaluation/enterprise-knowledge-assistant/venv/lib/python3.11/site-packages/fastapi/routing.py", line 1773, in _handle_selected
    |     await original_route.handle(scope, receive, send)
    |   File "/home/sagar/AI-ML/evaluation/enterprise-knowledge-assistant/venv/lib/python3.11/site-packages/fastapi/routing.py", line 1264, in handle
    |     await app(scope, receive, send)
    |   File "/home/sagar/AI-ML/evaluation/enterprise-knowledge-assistant/venv/lib/python3.11/site-packages/fastapi/routing.py", line 150, in app
    |     await wrap_app_handling_exceptions(app, request)(scope, receive, send)
    |   File "/home/sagar/AI-ML/evaluation/enterprise-knowledge-assistant/venv/lib/python3.11/site-packages/starlette/_exception_handler.py", line 53, in wrapped_app
    |     raise exc
    |   File "/home/sagar/AI-ML/evaluation/enterprise-knowledge-assistant/venv/lib/python3.11/site-packages/starlette/_exception_handler.py", line 42, in wrapped_app
    |     await app(scope, receive, sender)
    |   File "/home/sagar/AI-ML/evaluation/enterprise-knowledge-assistant/venv/lib/python3.11/site-packages/fastapi/routing.py", line 136, in app
    |     response = await f(request)
    |                ^^^^^^^^^^^^^^^^
    |   File "/home/sagar/AI-ML/evaluation/enterprise-knowledge-assistant/venv/lib/python3.11/site-packages/fastapi/routing.py", line 690, in app
    |     raw_response = await run_endpoint_function(
    |                    ^^^^^^^^^^^^^^^^^^^^^^^^^^^^
    |   File "/home/sagar/AI-ML/evaluation/enterprise-knowledge-assistant/venv/lib/python3.11/site-packages/fastapi/routing.py", line 344, in run_endpoint_function
    |     return await dependant.call(**values)
    |            ^^^^^^^^^^^^^^^^^^^^^^^^^^^^^^
    |   File "/home/sagar/AI-ML/evaluation/enterprise-knowledge-assistant/app/controllers/upload_controller.py", line 35, in upload_pdf
    |     result.document_id,
    |     ^^^^^^^^^^^^^^^^^^
    | AttributeError: 'dict' object has no attribute 'document_id'
    +------------------------------------

The above exception was the direct cause of the following exception:

Traceback (most recent call last):
  File "/home/sagar/AI-ML/evaluation/enterprise-knowledge-assistant/app/middleware/logging_middleware.py", line 56, in dispatch
    response = await call_next(request)
               ^^^^^^^^^^^^^^^^^^^^^^^^
  File "/home/sagar/AI-ML/evaluation/enterprise-knowledge-assistant/venv/lib/python3.11/site-packages/starlette/middleware/base.py", line 168, in call_next
    raise app_exc from app_exc.__cause__ or app_exc.__context__
  File "/home/sagar/AI-ML/evaluation/enterprise-knowledge-assistant/venv/lib/python3.11/site-packages/starlette/middleware/base.py", line 144, in coro
    await self.app(scope, receive_or_disconnect, send_no_error)
  File "/home/sagar/AI-ML/evaluation/enterprise-knowledge-assistant/venv/lib/python3.11/site-packages/starlette/middleware/base.py", line 193, in __call__
    response = await self.dispatch_func(request, call_next)
               ^^^^^^^^^^^^^^^^^^^^^^^^^^^^^^^^^^^^^^^^^^^^
  File "/home/sagar/AI-ML/evaluation/enterprise-knowledge-assistant/app/middleware/request_context.py", line 64, in dispatch
    response = await call_next(request)
               ^^^^^^^^^^^^^^^^^^^^^^^^
  File "/home/sagar/AI-ML/evaluation/enterprise-knowledge-assistant/venv/lib/python3.11/site-packages/starlette/middleware/base.py", line 168, in call_next
    raise app_exc from app_exc.__cause__ or app_exc.__context__
  File "/home/sagar/AI-ML/evaluation/enterprise-knowledge-assistant/venv/lib/python3.11/site-packages/starlette/middleware/base.py", line 144, in coro
    await self.app(scope, receive_or_disconnect, send_no_error)
  File "/home/sagar/AI-ML/evaluation/enterprise-knowledge-assistant/venv/lib/python3.11/site-packages/starlette/middleware/exceptions.py", line 63, in __call__
    await wrap_app_handling_exceptions(self.app, conn)(scope, receive, send)
  File "/home/sagar/AI-ML/evaluation/enterprise-knowledge-assistant/venv/lib/python3.11/site-packages/starlette/_exception_handler.py", line 53, in wrapped_app
    raise exc
  File "/home/sagar/AI-ML/evaluation/enterprise-knowledge-assistant/venv/lib/python3.11/site-packages/starlette/_exception_handler.py", line 42, in wrapped_app
    await app(scope, receive, sender)
  File "/home/sagar/AI-ML/evaluation/enterprise-knowledge-assistant/venv/lib/python3.11/site-packages/fastapi/middleware/asyncexitstack.py", line 18, in __call__
    await self.app(scope, receive, send)
  File "/home/sagar/AI-ML/evaluation/enterprise-knowledge-assistant/venv/lib/python3.11/site-packages/starlette/routing.py", line 660, in __call__
    await self.middleware_stack(scope, receive, send)
  File "/home/sagar/AI-ML/evaluation/enterprise-knowledge-assistant/venv/lib/python3.11/site-packages/fastapi/routing.py", line 2683, in app
    await route.handle(scope, receive, send)
  File "/home/sagar/AI-ML/evaluation/enterprise-knowledge-assistant/venv/lib/python3.11/site-packages/fastapi/routing.py", line 1753, in handle
    await self.original_router.handle(scope, receive, send)
  File "/home/sagar/AI-ML/evaluation/enterprise-knowledge-assistant/venv/lib/python3.11/site-packages/fastapi/routing.py", line 2738, in handle
    await included_router._handle_selected(scope, receive, send)
  File "/home/sagar/AI-ML/evaluation/enterprise-knowledge-assistant/venv/lib/python3.11/site-packages/fastapi/routing.py", line 1764, in _handle_selected
    await route.handle(scope, receive, send)
  File "/home/sagar/AI-ML/evaluation/enterprise-knowledge-assistant/venv/lib/python3.11/site-packages/fastapi/routing.py", line 1753, in handle
    await self.original_router.handle(scope, receive, send)
  File "/home/sagar/AI-ML/evaluation/enterprise-knowledge-assistant/venv/lib/python3.11/site-packages/fastapi/routing.py", line 2738, in handle
    await included_router._handle_selected(scope, receive, send)
  File "/home/sagar/AI-ML/evaluation/enterprise-knowledge-assistant/venv/lib/python3.11/site-packages/fastapi/routing.py", line 1773, in _handle_selected
    await original_route.handle(scope, receive, send)
  File "/home/sagar/AI-ML/evaluation/enterprise-knowledge-assistant/venv/lib/python3.11/site-packages/fastapi/routing.py", line 1264, in handle
    await app(scope, receive, send)
  File "/home/sagar/AI-ML/evaluation/enterprise-knowledge-assistant/venv/lib/python3.11/site-packages/fastapi/routing.py", line 150, in app
    await wrap_app_handling_exceptions(app, request)(scope, receive, send)
  File "/home/sagar/AI-ML/evaluation/enterprise-knowledge-assistant/venv/lib/python3.11/site-packages/starlette/_exception_handler.py", line 53, in wrapped_app
    raise exc
  File "/home/sagar/AI-ML/evaluation/enterprise-knowledge-assistant/venv/lib/python3.11/site-packages/starlette/_exception_handler.py", line 42, in wrapped_app
    await app(scope, receive, sender)
  File "/home/sagar/AI-ML/evaluation/enterprise-knowledge-assistant/venv/lib/python3.11/site-packages/fastapi/routing.py", line 136, in app
    response = await f(request)
               ^^^^^^^^^^^^^^^^
  File "/home/sagar/AI-ML/evaluation/enterprise-knowledge-assistant/venv/lib/python3.11/site-packages/fastapi/routing.py", line 690, in app
    raw_response = await run_endpoint_function(
                   ^^^^^^^^^^^^^^^^^^^^^^^^^^^^
  File "/home/sagar/AI-ML/evaluation/enterprise-knowledge-assistant/venv/lib/python3.11/site-packages/fastapi/routing.py", line 344, in run_endpoint_function
    return await dependant.call(**values)
           ^^^^^^^^^^^^^^^^^^^^^^^^^^^^^^
  File "/home/sagar/AI-ML/evaluation/enterprise-knowledge-assistant/app/controllers/upload_controller.py", line 35, in upload_pdf
    result.document_id,
    ^^^^^^^^^^^^^^^^^^
AttributeError: 'dict' object has no attribute 'document_id'
2026-07-18 23:22:34,665 | ERROR    | main.py:60 | Application startup failed.
Traceback (most recent call last):
  File "/home/sagar/AI-ML/evaluation/enterprise-knowledge-assistant/app/main.py", line 47, in lifespan
    methods = ",".join(sorted(route.methods or []))
                              ^^^^^^^^^^^^^
AttributeError: '_IncludedRouter' object has no attribute 'methods'
2026-07-18 23:22:50,954 | ERROR    | main.py:60 | Application startup failed.
Traceback (most recent call last):
  File "/home/sagar/AI-ML/evaluation/enterprise-knowledge-assistant/app/main.py", line 47, in lifespan
    methods = ",".join(sorted(route.methods or []))
                              ^^^^^^^^^^^^^
AttributeError: '_IncludedRouter' object has no attribute 'methods'
2026-07-18 23:24:33,923 | ERROR    | main.py:60 | Application startup failed.
Traceback (most recent call last):
  File "/home/sagar/AI-ML/evaluation/enterprise-knowledge-assistant/app/main.py", line 47, in lifespan
    methods = ",".join(sorted(route.methods or []))
                              ^^^^^^^^^^^^^
AttributeError: '_IncludedRouter' object has no attribute 'methods'
2026-07-18 23:24:48,910 | ERROR    | main.py:60 | Application startup failed.
Traceback (most recent call last):
  File "/home/sagar/AI-ML/evaluation/enterprise-knowledge-assistant/app/main.py", line 47, in lifespan
    methods = ",".join(sorted(route.methods or []))
                              ^^^^^^^^^^^^^
AttributeError: '_IncludedRouter' object has no attribute 'methods'
2026-07-18 23:27:02,598 | ERROR    | main.py:66 | Application startup failed.
Traceback (most recent call last):
  File "/home/sagar/AI-ML/evaluation/enterprise-knowledge-assistant/app/main.py", line 48, in lifespan
    if isinstance(route, APIRoute):
                         ^^^^^^^^
NameError: name 'APIRoute' is not defined
2026-07-18 23:28:17,863 | ERROR    | logging_middleware.py:89 | Unhandled Exception DELETE /api/v1/documents/2ef0b6da-754f-48c7-b7d5-e8f1f880bff2 (2.89 ms)
  + Exception Group Traceback (most recent call last):
  |   File "/home/sagar/AI-ML/evaluation/enterprise-knowledge-assistant/venv/lib/python3.11/site-packages/starlette/_utils.py", line 85, in create_collapsing_task_group
  |     async with anyio.create_task_group() as tg:
  |   File "/home/sagar/AI-ML/evaluation/enterprise-knowledge-assistant/venv/lib/python3.11/site-packages/anyio/_backends/_asyncio.py", line 815, in __aexit__
  |     raise BaseExceptionGroup(
  | ExceptionGroup: unhandled errors in a TaskGroup (1 sub-exception)
  +-+---------------- 1 ----------------
    | Traceback (most recent call last):
    |   File "/home/sagar/AI-ML/evaluation/enterprise-knowledge-assistant/app/middleware/logging_middleware.py", line 56, in dispatch
    |     response = await call_next(request)
    |                ^^^^^^^^^^^^^^^^^^^^^^^^
    |   File "/home/sagar/AI-ML/evaluation/enterprise-knowledge-assistant/venv/lib/python3.11/site-packages/starlette/middleware/base.py", line 168, in call_next
    |     raise app_exc from app_exc.__cause__ or app_exc.__context__
    |   File "/home/sagar/AI-ML/evaluation/enterprise-knowledge-assistant/venv/lib/python3.11/site-packages/starlette/middleware/base.py", line 144, in coro
    |     await self.app(scope, receive_or_disconnect, send_no_error)
    |   File "/home/sagar/AI-ML/evaluation/enterprise-knowledge-assistant/venv/lib/python3.11/site-packages/starlette/middleware/base.py", line 193, in __call__
    |     response = await self.dispatch_func(request, call_next)
    |                ^^^^^^^^^^^^^^^^^^^^^^^^^^^^^^^^^^^^^^^^^^^^
    |   File "/home/sagar/AI-ML/evaluation/enterprise-knowledge-assistant/app/middleware/request_context.py", line 64, in dispatch
    |     response = await call_next(request)
    |                ^^^^^^^^^^^^^^^^^^^^^^^^
    |   File "/home/sagar/AI-ML/evaluation/enterprise-knowledge-assistant/venv/lib/python3.11/site-packages/starlette/middleware/base.py", line 168, in call_next
    |     raise app_exc from app_exc.__cause__ or app_exc.__context__
    |   File "/home/sagar/AI-ML/evaluation/enterprise-knowledge-assistant/venv/lib/python3.11/site-packages/starlette/middleware/base.py", line 144, in coro
    |     await self.app(scope, receive_or_disconnect, send_no_error)
    |   File "/home/sagar/AI-ML/evaluation/enterprise-knowledge-assistant/venv/lib/python3.11/site-packages/starlette/middleware/exceptions.py", line 63, in __call__
    |     await wrap_app_handling_exceptions(self.app, conn)(scope, receive, send)
    |   File "/home/sagar/AI-ML/evaluation/enterprise-knowledge-assistant/venv/lib/python3.11/site-packages/starlette/_exception_handler.py", line 53, in wrapped_app
    |     raise exc
    |   File "/home/sagar/AI-ML/evaluation/enterprise-knowledge-assistant/venv/lib/python3.11/site-packages/starlette/_exception_handler.py", line 42, in wrapped_app
    |     await app(scope, receive, sender)
    |   File "/home/sagar/AI-ML/evaluation/enterprise-knowledge-assistant/venv/lib/python3.11/site-packages/fastapi/middleware/asyncexitstack.py", line 18, in __call__
    |     await self.app(scope, receive, send)
    |   File "/home/sagar/AI-ML/evaluation/enterprise-knowledge-assistant/venv/lib/python3.11/site-packages/starlette/routing.py", line 660, in __call__
    |     await self.middleware_stack(scope, receive, send)
    |   File "/home/sagar/AI-ML/evaluation/enterprise-knowledge-assistant/venv/lib/python3.11/site-packages/fastapi/routing.py", line 2683, in app
    |     await route.handle(scope, receive, send)
    |   File "/home/sagar/AI-ML/evaluation/enterprise-knowledge-assistant/venv/lib/python3.11/site-packages/fastapi/routing.py", line 1753, in handle
    |     await self.original_router.handle(scope, receive, send)
    |   File "/home/sagar/AI-ML/evaluation/enterprise-knowledge-assistant/venv/lib/python3.11/site-packages/fastapi/routing.py", line 2738, in handle
    |     await included_router._handle_selected(scope, receive, send)
    |   File "/home/sagar/AI-ML/evaluation/enterprise-knowledge-assistant/venv/lib/python3.11/site-packages/fastapi/routing.py", line 1764, in _handle_selected
    |     await route.handle(scope, receive, send)
    |   File "/home/sagar/AI-ML/evaluation/enterprise-knowledge-assistant/venv/lib/python3.11/site-packages/fastapi/routing.py", line 1753, in handle
    |     await self.original_router.handle(scope, receive, send)
    |   File "/home/sagar/AI-ML/evaluation/enterprise-knowledge-assistant/venv/lib/python3.11/site-packages/fastapi/routing.py", line 2738, in handle
    |     await included_router._handle_selected(scope, receive, send)
    |   File "/home/sagar/AI-ML/evaluation/enterprise-knowledge-assistant/venv/lib/python3.11/site-packages/fastapi/routing.py", line 1773, in _handle_selected
    |     await original_route.handle(scope, receive, send)
    |   File "/home/sagar/AI-ML/evaluation/enterprise-knowledge-assistant/venv/lib/python3.11/site-packages/fastapi/routing.py", line 1264, in handle
    |     await app(scope, receive, send)
    |   File "/home/sagar/AI-ML/evaluation/enterprise-knowledge-assistant/venv/lib/python3.11/site-packages/fastapi/routing.py", line 150, in app
    |     await wrap_app_handling_exceptions(app, request)(scope, receive, send)
    |   File "/home/sagar/AI-ML/evaluation/enterprise-knowledge-assistant/venv/lib/python3.11/site-packages/starlette/_exception_handler.py", line 53, in wrapped_app
    |     raise exc
    |   File "/home/sagar/AI-ML/evaluation/enterprise-knowledge-assistant/venv/lib/python3.11/site-packages/starlette/_exception_handler.py", line 42, in wrapped_app
    |     await app(scope, receive, sender)
    |   File "/home/sagar/AI-ML/evaluation/enterprise-knowledge-assistant/venv/lib/python3.11/site-packages/fastapi/routing.py", line 136, in app
    |     response = await f(request)
    |                ^^^^^^^^^^^^^^^^
    |   File "/home/sagar/AI-ML/evaluation/enterprise-knowledge-assistant/venv/lib/python3.11/site-packages/fastapi/routing.py", line 690, in app
    |     raw_response = await run_endpoint_function(
    |                    ^^^^^^^^^^^^^^^^^^^^^^^^^^^^
    |   File "/home/sagar/AI-ML/evaluation/enterprise-knowledge-assistant/venv/lib/python3.11/site-packages/fastapi/routing.py", line 344, in run_endpoint_function
    |     return await dependant.call(**values)
    |            ^^^^^^^^^^^^^^^^^^^^^^^^^^^^^^
    |   File "/home/sagar/AI-ML/evaluation/enterprise-knowledge-assistant/app/api/routes/document_api.py", line 39, in delete
    |     return await delete_document(
    |            ^^^^^^^^^^^^^^^^^^^^^^
    |   File "/home/sagar/AI-ML/evaluation/enterprise-knowledge-assistant/app/controllers/document_controller.py", line 37, in delete_document
    |     await doc_service.delete_document(
    |           ^^^^^^^^^^^^^^^^^^^^^^^^^^^
    | AttributeError: 'DocumentService' object has no attribute 'delete_document'
    +------------------------------------

The above exception was the direct cause of the following exception:

Traceback (most recent call last):
  File "/home/sagar/AI-ML/evaluation/enterprise-knowledge-assistant/app/middleware/logging_middleware.py", line 56, in dispatch
    response = await call_next(request)
               ^^^^^^^^^^^^^^^^^^^^^^^^
  File "/home/sagar/AI-ML/evaluation/enterprise-knowledge-assistant/venv/lib/python3.11/site-packages/starlette/middleware/base.py", line 168, in call_next
    raise app_exc from app_exc.__cause__ or app_exc.__context__
  File "/home/sagar/AI-ML/evaluation/enterprise-knowledge-assistant/venv/lib/python3.11/site-packages/starlette/middleware/base.py", line 144, in coro
    await self.app(scope, receive_or_disconnect, send_no_error)
  File "/home/sagar/AI-ML/evaluation/enterprise-knowledge-assistant/venv/lib/python3.11/site-packages/starlette/middleware/base.py", line 193, in __call__
    response = await self.dispatch_func(request, call_next)
               ^^^^^^^^^^^^^^^^^^^^^^^^^^^^^^^^^^^^^^^^^^^^
  File "/home/sagar/AI-ML/evaluation/enterprise-knowledge-assistant/app/middleware/request_context.py", line 64, in dispatch
    response = await call_next(request)
               ^^^^^^^^^^^^^^^^^^^^^^^^
  File "/home/sagar/AI-ML/evaluation/enterprise-knowledge-assistant/venv/lib/python3.11/site-packages/starlette/middleware/base.py", line 168, in call_next
    raise app_exc from app_exc.__cause__ or app_exc.__context__
  File "/home/sagar/AI-ML/evaluation/enterprise-knowledge-assistant/venv/lib/python3.11/site-packages/starlette/middleware/base.py", line 144, in coro
    await self.app(scope, receive_or_disconnect, send_no_error)
  File "/home/sagar/AI-ML/evaluation/enterprise-knowledge-assistant/venv/lib/python3.11/site-packages/starlette/middleware/exceptions.py", line 63, in __call__
    await wrap_app_handling_exceptions(self.app, conn)(scope, receive, send)
  File "/home/sagar/AI-ML/evaluation/enterprise-knowledge-assistant/venv/lib/python3.11/site-packages/starlette/_exception_handler.py", line 53, in wrapped_app
    raise exc
  File "/home/sagar/AI-ML/evaluation/enterprise-knowledge-assistant/venv/lib/python3.11/site-packages/starlette/_exception_handler.py", line 42, in wrapped_app
    await app(scope, receive, sender)
  File "/home/sagar/AI-ML/evaluation/enterprise-knowledge-assistant/venv/lib/python3.11/site-packages/fastapi/middleware/asyncexitstack.py", line 18, in __call__
    await self.app(scope, receive, send)
  File "/home/sagar/AI-ML/evaluation/enterprise-knowledge-assistant/venv/lib/python3.11/site-packages/starlette/routing.py", line 660, in __call__
    await self.middleware_stack(scope, receive, send)
  File "/home/sagar/AI-ML/evaluation/enterprise-knowledge-assistant/venv/lib/python3.11/site-packages/fastapi/routing.py", line 2683, in app
    await route.handle(scope, receive, send)
  File "/home/sagar/AI-ML/evaluation/enterprise-knowledge-assistant/venv/lib/python3.11/site-packages/fastapi/routing.py", line 1753, in handle
    await self.original_router.handle(scope, receive, send)
  File "/home/sagar/AI-ML/evaluation/enterprise-knowledge-assistant/venv/lib/python3.11/site-packages/fastapi/routing.py", line 2738, in handle
    await included_router._handle_selected(scope, receive, send)
  File "/home/sagar/AI-ML/evaluation/enterprise-knowledge-assistant/venv/lib/python3.11/site-packages/fastapi/routing.py", line 1764, in _handle_selected
    await route.handle(scope, receive, send)
  File "/home/sagar/AI-ML/evaluation/enterprise-knowledge-assistant/venv/lib/python3.11/site-packages/fastapi/routing.py", line 1753, in handle
    await self.original_router.handle(scope, receive, send)
  File "/home/sagar/AI-ML/evaluation/enterprise-knowledge-assistant/venv/lib/python3.11/site-packages/fastapi/routing.py", line 2738, in handle
    await included_router._handle_selected(scope, receive, send)
  File "/home/sagar/AI-ML/evaluation/enterprise-knowledge-assistant/venv/lib/python3.11/site-packages/fastapi/routing.py", line 1773, in _handle_selected
    await original_route.handle(scope, receive, send)
  File "/home/sagar/AI-ML/evaluation/enterprise-knowledge-assistant/venv/lib/python3.11/site-packages/fastapi/routing.py", line 1264, in handle
    await app(scope, receive, send)
  File "/home/sagar/AI-ML/evaluation/enterprise-knowledge-assistant/venv/lib/python3.11/site-packages/fastapi/routing.py", line 150, in app
    await wrap_app_handling_exceptions(app, request)(scope, receive, send)
  File "/home/sagar/AI-ML/evaluation/enterprise-knowledge-assistant/venv/lib/python3.11/site-packages/starlette/_exception_handler.py", line 53, in wrapped_app
    raise exc
  File "/home/sagar/AI-ML/evaluation/enterprise-knowledge-assistant/venv/lib/python3.11/site-packages/starlette/_exception_handler.py", line 42, in wrapped_app
    await app(scope, receive, sender)
  File "/home/sagar/AI-ML/evaluation/enterprise-knowledge-assistant/venv/lib/python3.11/site-packages/fastapi/routing.py", line 136, in app
    response = await f(request)
               ^^^^^^^^^^^^^^^^
  File "/home/sagar/AI-ML/evaluation/enterprise-knowledge-assistant/venv/lib/python3.11/site-packages/fastapi/routing.py", line 690, in app
    raw_response = await run_endpoint_function(
                   ^^^^^^^^^^^^^^^^^^^^^^^^^^^^
  File "/home/sagar/AI-ML/evaluation/enterprise-knowledge-assistant/venv/lib/python3.11/site-packages/fastapi/routing.py", line 344, in run_endpoint_function
    return await dependant.call(**values)
           ^^^^^^^^^^^^^^^^^^^^^^^^^^^^^^
  File "/home/sagar/AI-ML/evaluation/enterprise-knowledge-assistant/app/api/routes/document_api.py", line 39, in delete
    return await delete_document(
           ^^^^^^^^^^^^^^^^^^^^^^
  File "/home/sagar/AI-ML/evaluation/enterprise-knowledge-assistant/app/controllers/document_controller.py", line 37, in delete_document
    await doc_service.delete_document(
          ^^^^^^^^^^^^^^^^^^^^^^^^^^^
AttributeError: 'DocumentService' object has no attribute 'delete_document'
2026-07-18 23:31:56,732 | ERROR    | logging_middleware.py:89 | Unhandled Exception DELETE /api/v1/documents/2ef0b6da-754f-48c7-b7d5-e8f1f880bff2 (2.46 ms)
  + Exception Group Traceback (most recent call last):
  |   File "/home/sagar/AI-ML/evaluation/enterprise-knowledge-assistant/venv/lib/python3.11/site-packages/starlette/_utils.py", line 85, in create_collapsing_task_group
  |     async with anyio.create_task_group() as tg:
  |   File "/home/sagar/AI-ML/evaluation/enterprise-knowledge-assistant/venv/lib/python3.11/site-packages/anyio/_backends/_asyncio.py", line 815, in __aexit__
  |     raise BaseExceptionGroup(
  | ExceptionGroup: unhandled errors in a TaskGroup (1 sub-exception)
  +-+---------------- 1 ----------------
    | Traceback (most recent call last):
    |   File "/home/sagar/AI-ML/evaluation/enterprise-knowledge-assistant/app/middleware/logging_middleware.py", line 56, in dispatch
    |     response = await call_next(request)
    |                ^^^^^^^^^^^^^^^^^^^^^^^^
    |   File "/home/sagar/AI-ML/evaluation/enterprise-knowledge-assistant/venv/lib/python3.11/site-packages/starlette/middleware/base.py", line 168, in call_next
    |     raise app_exc from app_exc.__cause__ or app_exc.__context__
    |   File "/home/sagar/AI-ML/evaluation/enterprise-knowledge-assistant/venv/lib/python3.11/site-packages/starlette/middleware/base.py", line 144, in coro
    |     await self.app(scope, receive_or_disconnect, send_no_error)
    |   File "/home/sagar/AI-ML/evaluation/enterprise-knowledge-assistant/venv/lib/python3.11/site-packages/starlette/middleware/base.py", line 193, in __call__
    |     response = await self.dispatch_func(request, call_next)
    |                ^^^^^^^^^^^^^^^^^^^^^^^^^^^^^^^^^^^^^^^^^^^^
    |   File "/home/sagar/AI-ML/evaluation/enterprise-knowledge-assistant/app/middleware/request_context.py", line 64, in dispatch
    |     response = await call_next(request)
    |                ^^^^^^^^^^^^^^^^^^^^^^^^
    |   File "/home/sagar/AI-ML/evaluation/enterprise-knowledge-assistant/venv/lib/python3.11/site-packages/starlette/middleware/base.py", line 168, in call_next
    |     raise app_exc from app_exc.__cause__ or app_exc.__context__
    |   File "/home/sagar/AI-ML/evaluation/enterprise-knowledge-assistant/venv/lib/python3.11/site-packages/starlette/middleware/base.py", line 144, in coro
    |     await self.app(scope, receive_or_disconnect, send_no_error)
    |   File "/home/sagar/AI-ML/evaluation/enterprise-knowledge-assistant/venv/lib/python3.11/site-packages/starlette/middleware/exceptions.py", line 63, in __call__
    |     await wrap_app_handling_exceptions(self.app, conn)(scope, receive, send)
    |   File "/home/sagar/AI-ML/evaluation/enterprise-knowledge-assistant/venv/lib/python3.11/site-packages/starlette/_exception_handler.py", line 53, in wrapped_app
    |     raise exc
    |   File "/home/sagar/AI-ML/evaluation/enterprise-knowledge-assistant/venv/lib/python3.11/site-packages/starlette/_exception_handler.py", line 42, in wrapped_app
    |     await app(scope, receive, sender)
    |   File "/home/sagar/AI-ML/evaluation/enterprise-knowledge-assistant/venv/lib/python3.11/site-packages/fastapi/middleware/asyncexitstack.py", line 18, in __call__
    |     await self.app(scope, receive, send)
    |   File "/home/sagar/AI-ML/evaluation/enterprise-knowledge-assistant/venv/lib/python3.11/site-packages/starlette/routing.py", line 660, in __call__
    |     await self.middleware_stack(scope, receive, send)
    |   File "/home/sagar/AI-ML/evaluation/enterprise-knowledge-assistant/venv/lib/python3.11/site-packages/fastapi/routing.py", line 2683, in app
    |     await route.handle(scope, receive, send)
    |   File "/home/sagar/AI-ML/evaluation/enterprise-knowledge-assistant/venv/lib/python3.11/site-packages/fastapi/routing.py", line 1753, in handle
    |     await self.original_router.handle(scope, receive, send)
    |   File "/home/sagar/AI-ML/evaluation/enterprise-knowledge-assistant/venv/lib/python3.11/site-packages/fastapi/routing.py", line 2738, in handle
    |     await included_router._handle_selected(scope, receive, send)
    |   File "/home/sagar/AI-ML/evaluation/enterprise-knowledge-assistant/venv/lib/python3.11/site-packages/fastapi/routing.py", line 1764, in _handle_selected
    |     await route.handle(scope, receive, send)
    |   File "/home/sagar/AI-ML/evaluation/enterprise-knowledge-assistant/venv/lib/python3.11/site-packages/fastapi/routing.py", line 1753, in handle
    |     await self.original_router.handle(scope, receive, send)
    |   File "/home/sagar/AI-ML/evaluation/enterprise-knowledge-assistant/venv/lib/python3.11/site-packages/fastapi/routing.py", line 2738, in handle
    |     await included_router._handle_selected(scope, receive, send)
    |   File "/home/sagar/AI-ML/evaluation/enterprise-knowledge-assistant/venv/lib/python3.11/site-packages/fastapi/routing.py", line 1773, in _handle_selected
    |     await original_route.handle(scope, receive, send)
    |   File "/home/sagar/AI-ML/evaluation/enterprise-knowledge-assistant/venv/lib/python3.11/site-packages/fastapi/routing.py", line 1264, in handle
    |     await app(scope, receive, send)
    |   File "/home/sagar/AI-ML/evaluation/enterprise-knowledge-assistant/venv/lib/python3.11/site-packages/fastapi/routing.py", line 150, in app
    |     await wrap_app_handling_exceptions(app, request)(scope, receive, send)
    |   File "/home/sagar/AI-ML/evaluation/enterprise-knowledge-assistant/venv/lib/python3.11/site-packages/starlette/_exception_handler.py", line 53, in wrapped_app
    |     raise exc
    |   File "/home/sagar/AI-ML/evaluation/enterprise-knowledge-assistant/venv/lib/python3.11/site-packages/starlette/_exception_handler.py", line 42, in wrapped_app
    |     await app(scope, receive, sender)
    |   File "/home/sagar/AI-ML/evaluation/enterprise-knowledge-assistant/venv/lib/python3.11/site-packages/fastapi/routing.py", line 136, in app
    |     response = await f(request)
    |                ^^^^^^^^^^^^^^^^
    |   File "/home/sagar/AI-ML/evaluation/enterprise-knowledge-assistant/venv/lib/python3.11/site-packages/fastapi/routing.py", line 690, in app
    |     raw_response = await run_endpoint_function(
    |                    ^^^^^^^^^^^^^^^^^^^^^^^^^^^^
    |   File "/home/sagar/AI-ML/evaluation/enterprise-knowledge-assistant/venv/lib/python3.11/site-packages/fastapi/routing.py", line 344, in run_endpoint_function
    |     return await dependant.call(**values)
    |            ^^^^^^^^^^^^^^^^^^^^^^^^^^^^^^
    |   File "/home/sagar/AI-ML/evaluation/enterprise-knowledge-assistant/app/api/routes/document_api.py", line 39, in delete
    |     return await delete_document(
    |            ^^^^^^^^^^^^^^^^^^^^^^
    |   File "/home/sagar/AI-ML/evaluation/enterprise-knowledge-assistant/app/controllers/document_controller.py", line 37, in delete_document
    |     await doc_service.delete_document(
    |           ^^^^^^^^^^^^^^^^^^^^^^^^^^^
    | AttributeError: 'DocumentService' object has no attribute 'delete_document'
    +------------------------------------

The above exception was the direct cause of the following exception:

Traceback (most recent call last):
  File "/home/sagar/AI-ML/evaluation/enterprise-knowledge-assistant/app/middleware/logging_middleware.py", line 56, in dispatch
    response = await call_next(request)
               ^^^^^^^^^^^^^^^^^^^^^^^^
  File "/home/sagar/AI-ML/evaluation/enterprise-knowledge-assistant/venv/lib/python3.11/site-packages/starlette/middleware/base.py", line 168, in call_next
    raise app_exc from app_exc.__cause__ or app_exc.__context__
  File "/home/sagar/AI-ML/evaluation/enterprise-knowledge-assistant/venv/lib/python3.11/site-packages/starlette/middleware/base.py", line 144, in coro
    await self.app(scope, receive_or_disconnect, send_no_error)
  File "/home/sagar/AI-ML/evaluation/enterprise-knowledge-assistant/venv/lib/python3.11/site-packages/starlette/middleware/base.py", line 193, in __call__
    response = await self.dispatch_func(request, call_next)
               ^^^^^^^^^^^^^^^^^^^^^^^^^^^^^^^^^^^^^^^^^^^^
  File "/home/sagar/AI-ML/evaluation/enterprise-knowledge-assistant/app/middleware/request_context.py", line 64, in dispatch
    response = await call_next(request)
               ^^^^^^^^^^^^^^^^^^^^^^^^
  File "/home/sagar/AI-ML/evaluation/enterprise-knowledge-assistant/venv/lib/python3.11/site-packages/starlette/middleware/base.py", line 168, in call_next
    raise app_exc from app_exc.__cause__ or app_exc.__context__
  File "/home/sagar/AI-ML/evaluation/enterprise-knowledge-assistant/venv/lib/python3.11/site-packages/starlette/middleware/base.py", line 144, in coro
    await self.app(scope, receive_or_disconnect, send_no_error)
  File "/home/sagar/AI-ML/evaluation/enterprise-knowledge-assistant/venv/lib/python3.11/site-packages/starlette/middleware/exceptions.py", line 63, in __call__
    await wrap_app_handling_exceptions(self.app, conn)(scope, receive, send)
  File "/home/sagar/AI-ML/evaluation/enterprise-knowledge-assistant/venv/lib/python3.11/site-packages/starlette/_exception_handler.py", line 53, in wrapped_app
    raise exc
  File "/home/sagar/AI-ML/evaluation/enterprise-knowledge-assistant/venv/lib/python3.11/site-packages/starlette/_exception_handler.py", line 42, in wrapped_app
    await app(scope, receive, sender)
  File "/home/sagar/AI-ML/evaluation/enterprise-knowledge-assistant/venv/lib/python3.11/site-packages/fastapi/middleware/asyncexitstack.py", line 18, in __call__
    await self.app(scope, receive, send)
  File "/home/sagar/AI-ML/evaluation/enterprise-knowledge-assistant/venv/lib/python3.11/site-packages/starlette/routing.py", line 660, in __call__
    await self.middleware_stack(scope, receive, send)
  File "/home/sagar/AI-ML/evaluation/enterprise-knowledge-assistant/venv/lib/python3.11/site-packages/fastapi/routing.py", line 2683, in app
    await route.handle(scope, receive, send)
  File "/home/sagar/AI-ML/evaluation/enterprise-knowledge-assistant/venv/lib/python3.11/site-packages/fastapi/routing.py", line 1753, in handle
    await self.original_router.handle(scope, receive, send)
  File "/home/sagar/AI-ML/evaluation/enterprise-knowledge-assistant/venv/lib/python3.11/site-packages/fastapi/routing.py", line 2738, in handle
    await included_router._handle_selected(scope, receive, send)
  File "/home/sagar/AI-ML/evaluation/enterprise-knowledge-assistant/venv/lib/python3.11/site-packages/fastapi/routing.py", line 1764, in _handle_selected
    await route.handle(scope, receive, send)
  File "/home/sagar/AI-ML/evaluation/enterprise-knowledge-assistant/venv/lib/python3.11/site-packages/fastapi/routing.py", line 1753, in handle
    await self.original_router.handle(scope, receive, send)
  File "/home/sagar/AI-ML/evaluation/enterprise-knowledge-assistant/venv/lib/python3.11/site-packages/fastapi/routing.py", line 2738, in handle
    await included_router._handle_selected(scope, receive, send)
  File "/home/sagar/AI-ML/evaluation/enterprise-knowledge-assistant/venv/lib/python3.11/site-packages/fastapi/routing.py", line 1773, in _handle_selected
    await original_route.handle(scope, receive, send)
  File "/home/sagar/AI-ML/evaluation/enterprise-knowledge-assistant/venv/lib/python3.11/site-packages/fastapi/routing.py", line 1264, in handle
    await app(scope, receive, send)
  File "/home/sagar/AI-ML/evaluation/enterprise-knowledge-assistant/venv/lib/python3.11/site-packages/fastapi/routing.py", line 150, in app
    await wrap_app_handling_exceptions(app, request)(scope, receive, send)
  File "/home/sagar/AI-ML/evaluation/enterprise-knowledge-assistant/venv/lib/python3.11/site-packages/starlette/_exception_handler.py", line 53, in wrapped_app
    raise exc
  File "/home/sagar/AI-ML/evaluation/enterprise-knowledge-assistant/venv/lib/python3.11/site-packages/starlette/_exception_handler.py", line 42, in wrapped_app
    await app(scope, receive, sender)
  File "/home/sagar/AI-ML/evaluation/enterprise-knowledge-assistant/venv/lib/python3.11/site-packages/fastapi/routing.py", line 136, in app
    response = await f(request)
               ^^^^^^^^^^^^^^^^
  File "/home/sagar/AI-ML/evaluation/enterprise-knowledge-assistant/venv/lib/python3.11/site-packages/fastapi/routing.py", line 690, in app
    raw_response = await run_endpoint_function(
                   ^^^^^^^^^^^^^^^^^^^^^^^^^^^^
  File "/home/sagar/AI-ML/evaluation/enterprise-knowledge-assistant/venv/lib/python3.11/site-packages/fastapi/routing.py", line 344, in run_endpoint_function
    return await dependant.call(**values)
           ^^^^^^^^^^^^^^^^^^^^^^^^^^^^^^
  File "/home/sagar/AI-ML/evaluation/enterprise-knowledge-assistant/app/api/routes/document_api.py", line 39, in delete
    return await delete_document(
           ^^^^^^^^^^^^^^^^^^^^^^
  File "/home/sagar/AI-ML/evaluation/enterprise-knowledge-assistant/app/controllers/document_controller.py", line 37, in delete_document
    await doc_service.delete_document(
          ^^^^^^^^^^^^^^^^^^^^^^^^^^^
AttributeError: 'DocumentService' object has no attribute 'delete_document'
2026-07-18 23:37:26,220 | ERROR    | logging_middleware.py:89 | Unhandled Exception POST /api/v1/upload (6942.03 ms)
  + Exception Group Traceback (most recent call last):
  |   File "/home/sagar/AI-ML/evaluation/enterprise-knowledge-assistant/venv/lib/python3.11/site-packages/starlette/_utils.py", line 85, in create_collapsing_task_group
  |     async with anyio.create_task_group() as tg:
  |   File "/home/sagar/AI-ML/evaluation/enterprise-knowledge-assistant/venv/lib/python3.11/site-packages/anyio/_backends/_asyncio.py", line 815, in __aexit__
  |     raise BaseExceptionGroup(
  | ExceptionGroup: unhandled errors in a TaskGroup (1 sub-exception)
  +-+---------------- 1 ----------------
    | Traceback (most recent call last):
    |   File "/home/sagar/AI-ML/evaluation/enterprise-knowledge-assistant/app/middleware/logging_middleware.py", line 56, in dispatch
    |     response = await call_next(request)
    |                ^^^^^^^^^^^^^^^^^^^^^^^^
    |   File "/home/sagar/AI-ML/evaluation/enterprise-knowledge-assistant/venv/lib/python3.11/site-packages/starlette/middleware/base.py", line 168, in call_next
    |     raise app_exc from app_exc.__cause__ or app_exc.__context__
    |   File "/home/sagar/AI-ML/evaluation/enterprise-knowledge-assistant/venv/lib/python3.11/site-packages/starlette/middleware/base.py", line 144, in coro
    |     await self.app(scope, receive_or_disconnect, send_no_error)
    |   File "/home/sagar/AI-ML/evaluation/enterprise-knowledge-assistant/venv/lib/python3.11/site-packages/starlette/middleware/base.py", line 193, in __call__
    |     response = await self.dispatch_func(request, call_next)
    |                ^^^^^^^^^^^^^^^^^^^^^^^^^^^^^^^^^^^^^^^^^^^^
    |   File "/home/sagar/AI-ML/evaluation/enterprise-knowledge-assistant/app/middleware/request_context.py", line 64, in dispatch
    |     response = await call_next(request)
    |                ^^^^^^^^^^^^^^^^^^^^^^^^
    |   File "/home/sagar/AI-ML/evaluation/enterprise-knowledge-assistant/venv/lib/python3.11/site-packages/starlette/middleware/base.py", line 168, in call_next
    |     raise app_exc from app_exc.__cause__ or app_exc.__context__
    |   File "/home/sagar/AI-ML/evaluation/enterprise-knowledge-assistant/venv/lib/python3.11/site-packages/starlette/middleware/base.py", line 144, in coro
    |     await self.app(scope, receive_or_disconnect, send_no_error)
    |   File "/home/sagar/AI-ML/evaluation/enterprise-knowledge-assistant/venv/lib/python3.11/site-packages/starlette/middleware/exceptions.py", line 63, in __call__
    |     await wrap_app_handling_exceptions(self.app, conn)(scope, receive, send)
    |   File "/home/sagar/AI-ML/evaluation/enterprise-knowledge-assistant/venv/lib/python3.11/site-packages/starlette/_exception_handler.py", line 53, in wrapped_app
    |     raise exc
    |   File "/home/sagar/AI-ML/evaluation/enterprise-knowledge-assistant/venv/lib/python3.11/site-packages/starlette/_exception_handler.py", line 42, in wrapped_app
    |     await app(scope, receive, sender)
    |   File "/home/sagar/AI-ML/evaluation/enterprise-knowledge-assistant/venv/lib/python3.11/site-packages/fastapi/middleware/asyncexitstack.py", line 18, in __call__
    |     await self.app(scope, receive, send)
    |   File "/home/sagar/AI-ML/evaluation/enterprise-knowledge-assistant/venv/lib/python3.11/site-packages/starlette/routing.py", line 660, in __call__
    |     await self.middleware_stack(scope, receive, send)
    |   File "/home/sagar/AI-ML/evaluation/enterprise-knowledge-assistant/venv/lib/python3.11/site-packages/fastapi/routing.py", line 2683, in app
    |     await route.handle(scope, receive, send)
    |   File "/home/sagar/AI-ML/evaluation/enterprise-knowledge-assistant/venv/lib/python3.11/site-packages/fastapi/routing.py", line 1753, in handle
    |     await self.original_router.handle(scope, receive, send)
    |   File "/home/sagar/AI-ML/evaluation/enterprise-knowledge-assistant/venv/lib/python3.11/site-packages/fastapi/routing.py", line 2738, in handle
    |     await included_router._handle_selected(scope, receive, send)
    |   File "/home/sagar/AI-ML/evaluation/enterprise-knowledge-assistant/venv/lib/python3.11/site-packages/fastapi/routing.py", line 1764, in _handle_selected
    |     await route.handle(scope, receive, send)
    |   File "/home/sagar/AI-ML/evaluation/enterprise-knowledge-assistant/venv/lib/python3.11/site-packages/fastapi/routing.py", line 1753, in handle
    |     await self.original_router.handle(scope, receive, send)
    |   File "/home/sagar/AI-ML/evaluation/enterprise-knowledge-assistant/venv/lib/python3.11/site-packages/fastapi/routing.py", line 2738, in handle
    |     await included_router._handle_selected(scope, receive, send)
    |   File "/home/sagar/AI-ML/evaluation/enterprise-knowledge-assistant/venv/lib/python3.11/site-packages/fastapi/routing.py", line 1773, in _handle_selected
    |     await original_route.handle(scope, receive, send)
    |   File "/home/sagar/AI-ML/evaluation/enterprise-knowledge-assistant/venv/lib/python3.11/site-packages/fastapi/routing.py", line 1264, in handle
    |     await app(scope, receive, send)
    |   File "/home/sagar/AI-ML/evaluation/enterprise-knowledge-assistant/venv/lib/python3.11/site-packages/fastapi/routing.py", line 150, in app
    |     await wrap_app_handling_exceptions(app, request)(scope, receive, send)
    |   File "/home/sagar/AI-ML/evaluation/enterprise-knowledge-assistant/venv/lib/python3.11/site-packages/starlette/_exception_handler.py", line 53, in wrapped_app
    |     raise exc
    |   File "/home/sagar/AI-ML/evaluation/enterprise-knowledge-assistant/venv/lib/python3.11/site-packages/starlette/_exception_handler.py", line 42, in wrapped_app
    |     await app(scope, receive, sender)
    |   File "/home/sagar/AI-ML/evaluation/enterprise-knowledge-assistant/venv/lib/python3.11/site-packages/fastapi/routing.py", line 136, in app
    |     response = await f(request)
    |                ^^^^^^^^^^^^^^^^
    |   File "/home/sagar/AI-ML/evaluation/enterprise-knowledge-assistant/venv/lib/python3.11/site-packages/fastapi/routing.py", line 690, in app
    |     raw_response = await run_endpoint_function(
    |                    ^^^^^^^^^^^^^^^^^^^^^^^^^^^^
    |   File "/home/sagar/AI-ML/evaluation/enterprise-knowledge-assistant/venv/lib/python3.11/site-packages/fastapi/routing.py", line 344, in run_endpoint_function
    |     return await dependant.call(**values)
    |            ^^^^^^^^^^^^^^^^^^^^^^^^^^^^^^
    |   File "/home/sagar/AI-ML/evaluation/enterprise-knowledge-assistant/app/api/routes/upload_api.py", line 20, in upload
    |     return await upload_pdf(
    |            ^^^^^^^^^^^^^^^^^
    |   File "/home/sagar/AI-ML/evaluation/enterprise-knowledge-assistant/app/controllers/upload_controller.py", line 35, in upload_pdf
    |     result.document_id,
    |     ^^^^^^^^^^^^^^^^^^
    | AttributeError: 'dict' object has no attribute 'document_id'
    +------------------------------------

The above exception was the direct cause of the following exception:

Traceback (most recent call last):
  File "/home/sagar/AI-ML/evaluation/enterprise-knowledge-assistant/app/middleware/logging_middleware.py", line 56, in dispatch
    response = await call_next(request)
               ^^^^^^^^^^^^^^^^^^^^^^^^
  File "/home/sagar/AI-ML/evaluation/enterprise-knowledge-assistant/venv/lib/python3.11/site-packages/starlette/middleware/base.py", line 168, in call_next
    raise app_exc from app_exc.__cause__ or app_exc.__context__
  File "/home/sagar/AI-ML/evaluation/enterprise-knowledge-assistant/venv/lib/python3.11/site-packages/starlette/middleware/base.py", line 144, in coro
    await self.app(scope, receive_or_disconnect, send_no_error)
  File "/home/sagar/AI-ML/evaluation/enterprise-knowledge-assistant/venv/lib/python3.11/site-packages/starlette/middleware/base.py", line 193, in __call__
    response = await self.dispatch_func(request, call_next)
               ^^^^^^^^^^^^^^^^^^^^^^^^^^^^^^^^^^^^^^^^^^^^
  File "/home/sagar/AI-ML/evaluation/enterprise-knowledge-assistant/app/middleware/request_context.py", line 64, in dispatch
    response = await call_next(request)
               ^^^^^^^^^^^^^^^^^^^^^^^^
  File "/home/sagar/AI-ML/evaluation/enterprise-knowledge-assistant/venv/lib/python3.11/site-packages/starlette/middleware/base.py", line 168, in call_next
    raise app_exc from app_exc.__cause__ or app_exc.__context__
  File "/home/sagar/AI-ML/evaluation/enterprise-knowledge-assistant/venv/lib/python3.11/site-packages/starlette/middleware/base.py", line 144, in coro
    await self.app(scope, receive_or_disconnect, send_no_error)
  File "/home/sagar/AI-ML/evaluation/enterprise-knowledge-assistant/venv/lib/python3.11/site-packages/starlette/middleware/exceptions.py", line 63, in __call__
    await wrap_app_handling_exceptions(self.app, conn)(scope, receive, send)
  File "/home/sagar/AI-ML/evaluation/enterprise-knowledge-assistant/venv/lib/python3.11/site-packages/starlette/_exception_handler.py", line 53, in wrapped_app
    raise exc
  File "/home/sagar/AI-ML/evaluation/enterprise-knowledge-assistant/venv/lib/python3.11/site-packages/starlette/_exception_handler.py", line 42, in wrapped_app
    await app(scope, receive, sender)
  File "/home/sagar/AI-ML/evaluation/enterprise-knowledge-assistant/venv/lib/python3.11/site-packages/fastapi/middleware/asyncexitstack.py", line 18, in __call__
    await self.app(scope, receive, send)
  File "/home/sagar/AI-ML/evaluation/enterprise-knowledge-assistant/venv/lib/python3.11/site-packages/starlette/routing.py", line 660, in __call__
    await self.middleware_stack(scope, receive, send)
  File "/home/sagar/AI-ML/evaluation/enterprise-knowledge-assistant/venv/lib/python3.11/site-packages/fastapi/routing.py", line 2683, in app
    await route.handle(scope, receive, send)
  File "/home/sagar/AI-ML/evaluation/enterprise-knowledge-assistant/venv/lib/python3.11/site-packages/fastapi/routing.py", line 1753, in handle
    await self.original_router.handle(scope, receive, send)
  File "/home/sagar/AI-ML/evaluation/enterprise-knowledge-assistant/venv/lib/python3.11/site-packages/fastapi/routing.py", line 2738, in handle
    await included_router._handle_selected(scope, receive, send)
  File "/home/sagar/AI-ML/evaluation/enterprise-knowledge-assistant/venv/lib/python3.11/site-packages/fastapi/routing.py", line 1764, in _handle_selected
    await route.handle(scope, receive, send)
  File "/home/sagar/AI-ML/evaluation/enterprise-knowledge-assistant/venv/lib/python3.11/site-packages/fastapi/routing.py", line 1753, in handle
    await self.original_router.handle(scope, receive, send)
  File "/home/sagar/AI-ML/evaluation/enterprise-knowledge-assistant/venv/lib/python3.11/site-packages/fastapi/routing.py", line 2738, in handle
    await included_router._handle_selected(scope, receive, send)
  File "/home/sagar/AI-ML/evaluation/enterprise-knowledge-assistant/venv/lib/python3.11/site-packages/fastapi/routing.py", line 1773, in _handle_selected
    await original_route.handle(scope, receive, send)
  File "/home/sagar/AI-ML/evaluation/enterprise-knowledge-assistant/venv/lib/python3.11/site-packages/fastapi/routing.py", line 1264, in handle
    await app(scope, receive, send)
  File "/home/sagar/AI-ML/evaluation/enterprise-knowledge-assistant/venv/lib/python3.11/site-packages/fastapi/routing.py", line 150, in app
    await wrap_app_handling_exceptions(app, request)(scope, receive, send)
  File "/home/sagar/AI-ML/evaluation/enterprise-knowledge-assistant/venv/lib/python3.11/site-packages/starlette/_exception_handler.py", line 53, in wrapped_app
    raise exc
  File "/home/sagar/AI-ML/evaluation/enterprise-knowledge-assistant/venv/lib/python3.11/site-packages/starlette/_exception_handler.py", line 42, in wrapped_app
    await app(scope, receive, sender)
  File "/home/sagar/AI-ML/evaluation/enterprise-knowledge-assistant/venv/lib/python3.11/site-packages/fastapi/routing.py", line 136, in app
    response = await f(request)
               ^^^^^^^^^^^^^^^^
  File "/home/sagar/AI-ML/evaluation/enterprise-knowledge-assistant/venv/lib/python3.11/site-packages/fastapi/routing.py", line 690, in app
    raw_response = await run_endpoint_function(
                   ^^^^^^^^^^^^^^^^^^^^^^^^^^^^
  File "/home/sagar/AI-ML/evaluation/enterprise-knowledge-assistant/venv/lib/python3.11/site-packages/fastapi/routing.py", line 344, in run_endpoint_function
    return await dependant.call(**values)
           ^^^^^^^^^^^^^^^^^^^^^^^^^^^^^^
  File "/home/sagar/AI-ML/evaluation/enterprise-knowledge-assistant/app/api/routes/upload_api.py", line 20, in upload
    return await upload_pdf(
           ^^^^^^^^^^^^^^^^^
  File "/home/sagar/AI-ML/evaluation/enterprise-knowledge-assistant/app/controllers/upload_controller.py", line 35, in upload_pdf
    result.document_id,
    ^^^^^^^^^^^^^^^^^^
AttributeError: 'dict' object has no attribute 'document_id'
2026-07-19 00:03:52,135 | ERROR    | logging_middleware.py:89 | Unhandled Exception POST /api/v1/query (16328.00 ms)
  + Exception Group Traceback (most recent call last):
  |   File "/home/sagar/AI-ML/evaluation/enterprise-knowledge-assistant/venv/lib/python3.11/site-packages/starlette/_utils.py", line 85, in create_collapsing_task_group
  |     async with anyio.create_task_group() as tg:
  |   File "/home/sagar/AI-ML/evaluation/enterprise-knowledge-assistant/venv/lib/python3.11/site-packages/anyio/_backends/_asyncio.py", line 815, in __aexit__
  |     raise BaseExceptionGroup(
  | ExceptionGroup: unhandled errors in a TaskGroup (1 sub-exception)
  +-+---------------- 1 ----------------
    | Traceback (most recent call last):
    |   File "/home/sagar/AI-ML/evaluation/enterprise-knowledge-assistant/app/middleware/logging_middleware.py", line 56, in dispatch
    |     response = await call_next(request)
    |                ^^^^^^^^^^^^^^^^^^^^^^^^
    |   File "/home/sagar/AI-ML/evaluation/enterprise-knowledge-assistant/venv/lib/python3.11/site-packages/starlette/middleware/base.py", line 168, in call_next
    |     raise app_exc from app_exc.__cause__ or app_exc.__context__
    |   File "/home/sagar/AI-ML/evaluation/enterprise-knowledge-assistant/venv/lib/python3.11/site-packages/starlette/middleware/base.py", line 144, in coro
    |     await self.app(scope, receive_or_disconnect, send_no_error)
    |   File "/home/sagar/AI-ML/evaluation/enterprise-knowledge-assistant/venv/lib/python3.11/site-packages/starlette/middleware/base.py", line 193, in __call__
    |     response = await self.dispatch_func(request, call_next)
    |                ^^^^^^^^^^^^^^^^^^^^^^^^^^^^^^^^^^^^^^^^^^^^
    |   File "/home/sagar/AI-ML/evaluation/enterprise-knowledge-assistant/app/middleware/request_context.py", line 64, in dispatch
    |     response = await call_next(request)
    |                ^^^^^^^^^^^^^^^^^^^^^^^^
    |   File "/home/sagar/AI-ML/evaluation/enterprise-knowledge-assistant/venv/lib/python3.11/site-packages/starlette/middleware/base.py", line 168, in call_next
    |     raise app_exc from app_exc.__cause__ or app_exc.__context__
    |   File "/home/sagar/AI-ML/evaluation/enterprise-knowledge-assistant/venv/lib/python3.11/site-packages/starlette/middleware/base.py", line 144, in coro
    |     await self.app(scope, receive_or_disconnect, send_no_error)
    |   File "/home/sagar/AI-ML/evaluation/enterprise-knowledge-assistant/venv/lib/python3.11/site-packages/starlette/middleware/exceptions.py", line 63, in __call__
    |     await wrap_app_handling_exceptions(self.app, conn)(scope, receive, send)
    |   File "/home/sagar/AI-ML/evaluation/enterprise-knowledge-assistant/venv/lib/python3.11/site-packages/starlette/_exception_handler.py", line 53, in wrapped_app
    |     raise exc
    |   File "/home/sagar/AI-ML/evaluation/enterprise-knowledge-assistant/venv/lib/python3.11/site-packages/starlette/_exception_handler.py", line 42, in wrapped_app
    |     await app(scope, receive, sender)
    |   File "/home/sagar/AI-ML/evaluation/enterprise-knowledge-assistant/venv/lib/python3.11/site-packages/fastapi/middleware/asyncexitstack.py", line 18, in __call__
    |     await self.app(scope, receive, send)
    |   File "/home/sagar/AI-ML/evaluation/enterprise-knowledge-assistant/venv/lib/python3.11/site-packages/starlette/routing.py", line 660, in __call__
    |     await self.middleware_stack(scope, receive, send)
    |   File "/home/sagar/AI-ML/evaluation/enterprise-knowledge-assistant/venv/lib/python3.11/site-packages/fastapi/routing.py", line 2683, in app
    |     await route.handle(scope, receive, send)
    |   File "/home/sagar/AI-ML/evaluation/enterprise-knowledge-assistant/venv/lib/python3.11/site-packages/fastapi/routing.py", line 1753, in handle
    |     await self.original_router.handle(scope, receive, send)
    |   File "/home/sagar/AI-ML/evaluation/enterprise-knowledge-assistant/venv/lib/python3.11/site-packages/fastapi/routing.py", line 2738, in handle
    |     await included_router._handle_selected(scope, receive, send)
    |   File "/home/sagar/AI-ML/evaluation/enterprise-knowledge-assistant/venv/lib/python3.11/site-packages/fastapi/routing.py", line 1764, in _handle_selected
    |     await route.handle(scope, receive, send)
    |   File "/home/sagar/AI-ML/evaluation/enterprise-knowledge-assistant/venv/lib/python3.11/site-packages/fastapi/routing.py", line 1753, in handle
    |     await self.original_router.handle(scope, receive, send)
    |   File "/home/sagar/AI-ML/evaluation/enterprise-knowledge-assistant/venv/lib/python3.11/site-packages/fastapi/routing.py", line 2738, in handle
    |     await included_router._handle_selected(scope, receive, send)
    |   File "/home/sagar/AI-ML/evaluation/enterprise-knowledge-assistant/venv/lib/python3.11/site-packages/fastapi/routing.py", line 1773, in _handle_selected
    |     await original_route.handle(scope, receive, send)
    |   File "/home/sagar/AI-ML/evaluation/enterprise-knowledge-assistant/venv/lib/python3.11/site-packages/fastapi/routing.py", line 1264, in handle
    |     await app(scope, receive, send)
    |   File "/home/sagar/AI-ML/evaluation/enterprise-knowledge-assistant/venv/lib/python3.11/site-packages/fastapi/routing.py", line 150, in app
    |     await wrap_app_handling_exceptions(app, request)(scope, receive, send)
    |   File "/home/sagar/AI-ML/evaluation/enterprise-knowledge-assistant/venv/lib/python3.11/site-packages/starlette/_exception_handler.py", line 53, in wrapped_app
    |     raise exc
    |   File "/home/sagar/AI-ML/evaluation/enterprise-knowledge-assistant/venv/lib/python3.11/site-packages/starlette/_exception_handler.py", line 42, in wrapped_app
    |     await app(scope, receive, sender)
    |   File "/home/sagar/AI-ML/evaluation/enterprise-knowledge-assistant/venv/lib/python3.11/site-packages/fastapi/routing.py", line 136, in app
    |     response = await f(request)
    |                ^^^^^^^^^^^^^^^^
    |   File "/home/sagar/AI-ML/evaluation/enterprise-knowledge-assistant/venv/lib/python3.11/site-packages/fastapi/routing.py", line 690, in app
    |     raw_response = await run_endpoint_function(
    |                    ^^^^^^^^^^^^^^^^^^^^^^^^^^^^
    |   File "/home/sagar/AI-ML/evaluation/enterprise-knowledge-assistant/venv/lib/python3.11/site-packages/fastapi/routing.py", line 344, in run_endpoint_function
    |     return await dependant.call(**values)
    |            ^^^^^^^^^^^^^^^^^^^^^^^^^^^^^^
    |   File "/home/sagar/AI-ML/evaluation/enterprise-knowledge-assistant/app/api/routes/query_api.py", line 19, in query
    |     return await query_assistant(
    |            ^^^^^^^^^^^^^^^^^^^^^^
    |   File "/home/sagar/AI-ML/evaluation/enterprise-knowledge-assistant/app/controllers/query_controller.py", line 44, in query_assistant
    |     result = await rag_service.execute_rag_pipeline(
    |              ^^^^^^^^^^^^^^^^^^^^^^^^^^^^^^^^^^^^^^^
    |   File "/home/sagar/AI-ML/evaluation/enterprise-knowledge-assistant/app/services/rag_service.py", line 88, in execute_rag_pipeline
    |     _, context_chunks = self.context_service.prepare_context(
    |     ^^^^^^^^^^^^^^^^^
    | TypeError: cannot unpack non-iterable coroutine object
    +------------------------------------

The above exception was the direct cause of the following exception:

Traceback (most recent call last):
  File "/home/sagar/AI-ML/evaluation/enterprise-knowledge-assistant/app/middleware/logging_middleware.py", line 56, in dispatch
    response = await call_next(request)
               ^^^^^^^^^^^^^^^^^^^^^^^^
  File "/home/sagar/AI-ML/evaluation/enterprise-knowledge-assistant/venv/lib/python3.11/site-packages/starlette/middleware/base.py", line 168, in call_next
    raise app_exc from app_exc.__cause__ or app_exc.__context__
  File "/home/sagar/AI-ML/evaluation/enterprise-knowledge-assistant/venv/lib/python3.11/site-packages/starlette/middleware/base.py", line 144, in coro
    await self.app(scope, receive_or_disconnect, send_no_error)
  File "/home/sagar/AI-ML/evaluation/enterprise-knowledge-assistant/venv/lib/python3.11/site-packages/starlette/middleware/base.py", line 193, in __call__
    response = await self.dispatch_func(request, call_next)
               ^^^^^^^^^^^^^^^^^^^^^^^^^^^^^^^^^^^^^^^^^^^^
  File "/home/sagar/AI-ML/evaluation/enterprise-knowledge-assistant/app/middleware/request_context.py", line 64, in dispatch
    response = await call_next(request)
               ^^^^^^^^^^^^^^^^^^^^^^^^
  File "/home/sagar/AI-ML/evaluation/enterprise-knowledge-assistant/venv/lib/python3.11/site-packages/starlette/middleware/base.py", line 168, in call_next
    raise app_exc from app_exc.__cause__ or app_exc.__context__
  File "/home/sagar/AI-ML/evaluation/enterprise-knowledge-assistant/venv/lib/python3.11/site-packages/starlette/middleware/base.py", line 144, in coro
    await self.app(scope, receive_or_disconnect, send_no_error)
  File "/home/sagar/AI-ML/evaluation/enterprise-knowledge-assistant/venv/lib/python3.11/site-packages/starlette/middleware/exceptions.py", line 63, in __call__
    await wrap_app_handling_exceptions(self.app, conn)(scope, receive, send)
  File "/home/sagar/AI-ML/evaluation/enterprise-knowledge-assistant/venv/lib/python3.11/site-packages/starlette/_exception_handler.py", line 53, in wrapped_app
    raise exc
  File "/home/sagar/AI-ML/evaluation/enterprise-knowledge-assistant/venv/lib/python3.11/site-packages/starlette/_exception_handler.py", line 42, in wrapped_app
    await app(scope, receive, sender)
  File "/home/sagar/AI-ML/evaluation/enterprise-knowledge-assistant/venv/lib/python3.11/site-packages/fastapi/middleware/asyncexitstack.py", line 18, in __call__
    await self.app(scope, receive, send)
  File "/home/sagar/AI-ML/evaluation/enterprise-knowledge-assistant/venv/lib/python3.11/site-packages/starlette/routing.py", line 660, in __call__
    await self.middleware_stack(scope, receive, send)
  File "/home/sagar/AI-ML/evaluation/enterprise-knowledge-assistant/venv/lib/python3.11/site-packages/fastapi/routing.py", line 2683, in app
    await route.handle(scope, receive, send)
  File "/home/sagar/AI-ML/evaluation/enterprise-knowledge-assistant/venv/lib/python3.11/site-packages/fastapi/routing.py", line 1753, in handle
    await self.original_router.handle(scope, receive, send)
  File "/home/sagar/AI-ML/evaluation/enterprise-knowledge-assistant/venv/lib/python3.11/site-packages/fastapi/routing.py", line 2738, in handle
    await included_router._handle_selected(scope, receive, send)
  File "/home/sagar/AI-ML/evaluation/enterprise-knowledge-assistant/venv/lib/python3.11/site-packages/fastapi/routing.py", line 1764, in _handle_selected
    await route.handle(scope, receive, send)
  File "/home/sagar/AI-ML/evaluation/enterprise-knowledge-assistant/venv/lib/python3.11/site-packages/fastapi/routing.py", line 1753, in handle
    await self.original_router.handle(scope, receive, send)
  File "/home/sagar/AI-ML/evaluation/enterprise-knowledge-assistant/venv/lib/python3.11/site-packages/fastapi/routing.py", line 2738, in handle
    await included_router._handle_selected(scope, receive, send)
  File "/home/sagar/AI-ML/evaluation/enterprise-knowledge-assistant/venv/lib/python3.11/site-packages/fastapi/routing.py", line 1773, in _handle_selected
    await original_route.handle(scope, receive, send)
  File "/home/sagar/AI-ML/evaluation/enterprise-knowledge-assistant/venv/lib/python3.11/site-packages/fastapi/routing.py", line 1264, in handle
    await app(scope, receive, send)
  File "/home/sagar/AI-ML/evaluation/enterprise-knowledge-assistant/venv/lib/python3.11/site-packages/fastapi/routing.py", line 150, in app
    await wrap_app_handling_exceptions(app, request)(scope, receive, send)
  File "/home/sagar/AI-ML/evaluation/enterprise-knowledge-assistant/venv/lib/python3.11/site-packages/starlette/_exception_handler.py", line 53, in wrapped_app
    raise exc
  File "/home/sagar/AI-ML/evaluation/enterprise-knowledge-assistant/venv/lib/python3.11/site-packages/starlette/_exception_handler.py", line 42, in wrapped_app
    await app(scope, receive, sender)
  File "/home/sagar/AI-ML/evaluation/enterprise-knowledge-assistant/venv/lib/python3.11/site-packages/fastapi/routing.py", line 136, in app
    response = await f(request)
               ^^^^^^^^^^^^^^^^
  File "/home/sagar/AI-ML/evaluation/enterprise-knowledge-assistant/venv/lib/python3.11/site-packages/fastapi/routing.py", line 690, in app
    raw_response = await run_endpoint_function(
                   ^^^^^^^^^^^^^^^^^^^^^^^^^^^^
  File "/home/sagar/AI-ML/evaluation/enterprise-knowledge-assistant/venv/lib/python3.11/site-packages/fastapi/routing.py", line 344, in run_endpoint_function
    return await dependant.call(**values)
           ^^^^^^^^^^^^^^^^^^^^^^^^^^^^^^
  File "/home/sagar/AI-ML/evaluation/enterprise-knowledge-assistant/app/api/routes/query_api.py", line 19, in query
    return await query_assistant(
           ^^^^^^^^^^^^^^^^^^^^^^
  File "/home/sagar/AI-ML/evaluation/enterprise-knowledge-assistant/app/controllers/query_controller.py", line 44, in query_assistant
    result = await rag_service.execute_rag_pipeline(
             ^^^^^^^^^^^^^^^^^^^^^^^^^^^^^^^^^^^^^^^
  File "/home/sagar/AI-ML/evaluation/enterprise-knowledge-assistant/app/services/rag_service.py", line 88, in execute_rag_pipeline
    _, context_chunks = self.context_service.prepare_context(
    ^^^^^^^^^^^^^^^^^
TypeError: cannot unpack non-iterable coroutine object
2026-07-19 00:05:08,862 | ERROR    | rag_service.py:299 | RAG pipeline execution failed.
Traceback (most recent call last):
  File "/home/sagar/AI-ML/evaluation/enterprise-knowledge-assistant/app/services/rag_service.py", line 162, in execute_rag_pipeline
    context, context_chunks = self.context_service.prepare_context(
    ^^^^^^^^^^^^^^^^^^^^^^^
TypeError: cannot unpack non-iterable coroutine object
2026-07-19 00:05:08,863 | ERROR    | logging_middleware.py:89 | Unhandled Exception POST /api/v1/query (15534.86 ms)
  + Exception Group Traceback (most recent call last):
  |   File "/home/sagar/AI-ML/evaluation/enterprise-knowledge-assistant/venv/lib/python3.11/site-packages/starlette/_utils.py", line 85, in create_collapsing_task_group
  |     async with anyio.create_task_group() as tg:
  |   File "/home/sagar/AI-ML/evaluation/enterprise-knowledge-assistant/venv/lib/python3.11/site-packages/anyio/_backends/_asyncio.py", line 815, in __aexit__
  |     raise BaseExceptionGroup(
  | ExceptionGroup: unhandled errors in a TaskGroup (1 sub-exception)
  +-+---------------- 1 ----------------
    | Traceback (most recent call last):
    |   File "/home/sagar/AI-ML/evaluation/enterprise-knowledge-assistant/app/middleware/logging_middleware.py", line 56, in dispatch
    |     response = await call_next(request)
    |                ^^^^^^^^^^^^^^^^^^^^^^^^
    |   File "/home/sagar/AI-ML/evaluation/enterprise-knowledge-assistant/venv/lib/python3.11/site-packages/starlette/middleware/base.py", line 168, in call_next
    |     raise app_exc from app_exc.__cause__ or app_exc.__context__
    |   File "/home/sagar/AI-ML/evaluation/enterprise-knowledge-assistant/venv/lib/python3.11/site-packages/starlette/middleware/base.py", line 144, in coro
    |     await self.app(scope, receive_or_disconnect, send_no_error)
    |   File "/home/sagar/AI-ML/evaluation/enterprise-knowledge-assistant/venv/lib/python3.11/site-packages/starlette/middleware/base.py", line 193, in __call__
    |     response = await self.dispatch_func(request, call_next)
    |                ^^^^^^^^^^^^^^^^^^^^^^^^^^^^^^^^^^^^^^^^^^^^
    |   File "/home/sagar/AI-ML/evaluation/enterprise-knowledge-assistant/app/middleware/request_context.py", line 64, in dispatch
    |     response = await call_next(request)
    |                ^^^^^^^^^^^^^^^^^^^^^^^^
    |   File "/home/sagar/AI-ML/evaluation/enterprise-knowledge-assistant/venv/lib/python3.11/site-packages/starlette/middleware/base.py", line 168, in call_next
    |     raise app_exc from app_exc.__cause__ or app_exc.__context__
    |   File "/home/sagar/AI-ML/evaluation/enterprise-knowledge-assistant/venv/lib/python3.11/site-packages/starlette/middleware/base.py", line 144, in coro
    |     await self.app(scope, receive_or_disconnect, send_no_error)
    |   File "/home/sagar/AI-ML/evaluation/enterprise-knowledge-assistant/venv/lib/python3.11/site-packages/starlette/middleware/exceptions.py", line 63, in __call__
    |     await wrap_app_handling_exceptions(self.app, conn)(scope, receive, send)
    |   File "/home/sagar/AI-ML/evaluation/enterprise-knowledge-assistant/venv/lib/python3.11/site-packages/starlette/_exception_handler.py", line 53, in wrapped_app
    |     raise exc
    |   File "/home/sagar/AI-ML/evaluation/enterprise-knowledge-assistant/venv/lib/python3.11/site-packages/starlette/_exception_handler.py", line 42, in wrapped_app
    |     await app(scope, receive, sender)
    |   File "/home/sagar/AI-ML/evaluation/enterprise-knowledge-assistant/venv/lib/python3.11/site-packages/fastapi/middleware/asyncexitstack.py", line 18, in __call__
    |     await self.app(scope, receive, send)
    |   File "/home/sagar/AI-ML/evaluation/enterprise-knowledge-assistant/venv/lib/python3.11/site-packages/starlette/routing.py", line 660, in __call__
    |     await self.middleware_stack(scope, receive, send)
    |   File "/home/sagar/AI-ML/evaluation/enterprise-knowledge-assistant/venv/lib/python3.11/site-packages/fastapi/routing.py", line 2683, in app
    |     await route.handle(scope, receive, send)
    |   File "/home/sagar/AI-ML/evaluation/enterprise-knowledge-assistant/venv/lib/python3.11/site-packages/fastapi/routing.py", line 1753, in handle
    |     await self.original_router.handle(scope, receive, send)
    |   File "/home/sagar/AI-ML/evaluation/enterprise-knowledge-assistant/venv/lib/python3.11/site-packages/fastapi/routing.py", line 2738, in handle
    |     await included_router._handle_selected(scope, receive, send)
    |   File "/home/sagar/AI-ML/evaluation/enterprise-knowledge-assistant/venv/lib/python3.11/site-packages/fastapi/routing.py", line 1764, in _handle_selected
    |     await route.handle(scope, receive, send)
    |   File "/home/sagar/AI-ML/evaluation/enterprise-knowledge-assistant/venv/lib/python3.11/site-packages/fastapi/routing.py", line 1753, in handle
    |     await self.original_router.handle(scope, receive, send)
    |   File "/home/sagar/AI-ML/evaluation/enterprise-knowledge-assistant/venv/lib/python3.11/site-packages/fastapi/routing.py", line 2738, in handle
    |     await included_router._handle_selected(scope, receive, send)
    |   File "/home/sagar/AI-ML/evaluation/enterprise-knowledge-assistant/venv/lib/python3.11/site-packages/fastapi/routing.py", line 1773, in _handle_selected
    |     await original_route.handle(scope, receive, send)
    |   File "/home/sagar/AI-ML/evaluation/enterprise-knowledge-assistant/venv/lib/python3.11/site-packages/fastapi/routing.py", line 1264, in handle
    |     await app(scope, receive, send)
    |   File "/home/sagar/AI-ML/evaluation/enterprise-knowledge-assistant/venv/lib/python3.11/site-packages/fastapi/routing.py", line 150, in app
    |     await wrap_app_handling_exceptions(app, request)(scope, receive, send)
    |   File "/home/sagar/AI-ML/evaluation/enterprise-knowledge-assistant/venv/lib/python3.11/site-packages/starlette/_exception_handler.py", line 53, in wrapped_app
    |     raise exc
    |   File "/home/sagar/AI-ML/evaluation/enterprise-knowledge-assistant/venv/lib/python3.11/site-packages/starlette/_exception_handler.py", line 42, in wrapped_app
    |     await app(scope, receive, sender)
    |   File "/home/sagar/AI-ML/evaluation/enterprise-knowledge-assistant/venv/lib/python3.11/site-packages/fastapi/routing.py", line 136, in app
    |     response = await f(request)
    |                ^^^^^^^^^^^^^^^^
    |   File "/home/sagar/AI-ML/evaluation/enterprise-knowledge-assistant/venv/lib/python3.11/site-packages/fastapi/routing.py", line 690, in app
    |     raw_response = await run_endpoint_function(
    |                    ^^^^^^^^^^^^^^^^^^^^^^^^^^^^
    |   File "/home/sagar/AI-ML/evaluation/enterprise-knowledge-assistant/venv/lib/python3.11/site-packages/fastapi/routing.py", line 344, in run_endpoint_function
    |     return await dependant.call(**values)
    |            ^^^^^^^^^^^^^^^^^^^^^^^^^^^^^^
    |   File "/home/sagar/AI-ML/evaluation/enterprise-knowledge-assistant/app/api/routes/query_api.py", line 19, in query
    |     return await query_assistant(
    |            ^^^^^^^^^^^^^^^^^^^^^^
    |   File "/home/sagar/AI-ML/evaluation/enterprise-knowledge-assistant/app/controllers/query_controller.py", line 44, in query_assistant
    |     result = await rag_service.execute_rag_pipeline(
    |              ^^^^^^^^^^^^^^^^^^^^^^^^^^^^^^^^^^^^^^^
    |   File "/home/sagar/AI-ML/evaluation/enterprise-knowledge-assistant/app/services/rag_service.py", line 162, in execute_rag_pipeline
    |     context, context_chunks = self.context_service.prepare_context(
    |     ^^^^^^^^^^^^^^^^^^^^^^^
    | TypeError: cannot unpack non-iterable coroutine object
    +------------------------------------

The above exception was the direct cause of the following exception:

Traceback (most recent call last):
  File "/home/sagar/AI-ML/evaluation/enterprise-knowledge-assistant/app/middleware/logging_middleware.py", line 56, in dispatch
    response = await call_next(request)
               ^^^^^^^^^^^^^^^^^^^^^^^^
  File "/home/sagar/AI-ML/evaluation/enterprise-knowledge-assistant/venv/lib/python3.11/site-packages/starlette/middleware/base.py", line 168, in call_next
    raise app_exc from app_exc.__cause__ or app_exc.__context__
  File "/home/sagar/AI-ML/evaluation/enterprise-knowledge-assistant/venv/lib/python3.11/site-packages/starlette/middleware/base.py", line 144, in coro
    await self.app(scope, receive_or_disconnect, send_no_error)
  File "/home/sagar/AI-ML/evaluation/enterprise-knowledge-assistant/venv/lib/python3.11/site-packages/starlette/middleware/base.py", line 193, in __call__
    response = await self.dispatch_func(request, call_next)
               ^^^^^^^^^^^^^^^^^^^^^^^^^^^^^^^^^^^^^^^^^^^^
  File "/home/sagar/AI-ML/evaluation/enterprise-knowledge-assistant/app/middleware/request_context.py", line 64, in dispatch
    response = await call_next(request)
               ^^^^^^^^^^^^^^^^^^^^^^^^
  File "/home/sagar/AI-ML/evaluation/enterprise-knowledge-assistant/venv/lib/python3.11/site-packages/starlette/middleware/base.py", line 168, in call_next
    raise app_exc from app_exc.__cause__ or app_exc.__context__
  File "/home/sagar/AI-ML/evaluation/enterprise-knowledge-assistant/venv/lib/python3.11/site-packages/starlette/middleware/base.py", line 144, in coro
    await self.app(scope, receive_or_disconnect, send_no_error)
  File "/home/sagar/AI-ML/evaluation/enterprise-knowledge-assistant/venv/lib/python3.11/site-packages/starlette/middleware/exceptions.py", line 63, in __call__
    await wrap_app_handling_exceptions(self.app, conn)(scope, receive, send)
  File "/home/sagar/AI-ML/evaluation/enterprise-knowledge-assistant/venv/lib/python3.11/site-packages/starlette/_exception_handler.py", line 53, in wrapped_app
    raise exc
  File "/home/sagar/AI-ML/evaluation/enterprise-knowledge-assistant/venv/lib/python3.11/site-packages/starlette/_exception_handler.py", line 42, in wrapped_app
    await app(scope, receive, sender)
  File "/home/sagar/AI-ML/evaluation/enterprise-knowledge-assistant/venv/lib/python3.11/site-packages/fastapi/middleware/asyncexitstack.py", line 18, in __call__
    await self.app(scope, receive, send)
  File "/home/sagar/AI-ML/evaluation/enterprise-knowledge-assistant/venv/lib/python3.11/site-packages/starlette/routing.py", line 660, in __call__
    await self.middleware_stack(scope, receive, send)
  File "/home/sagar/AI-ML/evaluation/enterprise-knowledge-assistant/venv/lib/python3.11/site-packages/fastapi/routing.py", line 2683, in app
    await route.handle(scope, receive, send)
  File "/home/sagar/AI-ML/evaluation/enterprise-knowledge-assistant/venv/lib/python3.11/site-packages/fastapi/routing.py", line 1753, in handle
    await self.original_router.handle(scope, receive, send)
  File "/home/sagar/AI-ML/evaluation/enterprise-knowledge-assistant/venv/lib/python3.11/site-packages/fastapi/routing.py", line 2738, in handle
    await included_router._handle_selected(scope, receive, send)
  File "/home/sagar/AI-ML/evaluation/enterprise-knowledge-assistant/venv/lib/python3.11/site-packages/fastapi/routing.py", line 1764, in _handle_selected
    await route.handle(scope, receive, send)
  File "/home/sagar/AI-ML/evaluation/enterprise-knowledge-assistant/venv/lib/python3.11/site-packages/fastapi/routing.py", line 1753, in handle
    await self.original_router.handle(scope, receive, send)
  File "/home/sagar/AI-ML/evaluation/enterprise-knowledge-assistant/venv/lib/python3.11/site-packages/fastapi/routing.py", line 2738, in handle
    await included_router._handle_selected(scope, receive, send)
  File "/home/sagar/AI-ML/evaluation/enterprise-knowledge-assistant/venv/lib/python3.11/site-packages/fastapi/routing.py", line 1773, in _handle_selected
    await original_route.handle(scope, receive, send)
  File "/home/sagar/AI-ML/evaluation/enterprise-knowledge-assistant/venv/lib/python3.11/site-packages/fastapi/routing.py", line 1264, in handle
    await app(scope, receive, send)
  File "/home/sagar/AI-ML/evaluation/enterprise-knowledge-assistant/venv/lib/python3.11/site-packages/fastapi/routing.py", line 150, in app
    await wrap_app_handling_exceptions(app, request)(scope, receive, send)
  File "/home/sagar/AI-ML/evaluation/enterprise-knowledge-assistant/venv/lib/python3.11/site-packages/starlette/_exception_handler.py", line 53, in wrapped_app
    raise exc
  File "/home/sagar/AI-ML/evaluation/enterprise-knowledge-assistant/venv/lib/python3.11/site-packages/starlette/_exception_handler.py", line 42, in wrapped_app
    await app(scope, receive, sender)
  File "/home/sagar/AI-ML/evaluation/enterprise-knowledge-assistant/venv/lib/python3.11/site-packages/fastapi/routing.py", line 136, in app
    response = await f(request)
               ^^^^^^^^^^^^^^^^
  File "/home/sagar/AI-ML/evaluation/enterprise-knowledge-assistant/venv/lib/python3.11/site-packages/fastapi/routing.py", line 690, in app
    raw_response = await run_endpoint_function(
                   ^^^^^^^^^^^^^^^^^^^^^^^^^^^^
  File "/home/sagar/AI-ML/evaluation/enterprise-knowledge-assistant/venv/lib/python3.11/site-packages/fastapi/routing.py", line 344, in run_endpoint_function
    return await dependant.call(**values)
           ^^^^^^^^^^^^^^^^^^^^^^^^^^^^^^
  File "/home/sagar/AI-ML/evaluation/enterprise-knowledge-assistant/app/api/routes/query_api.py", line 19, in query
    return await query_assistant(
           ^^^^^^^^^^^^^^^^^^^^^^
  File "/home/sagar/AI-ML/evaluation/enterprise-knowledge-assistant/app/controllers/query_controller.py", line 44, in query_assistant
    result = await rag_service.execute_rag_pipeline(
             ^^^^^^^^^^^^^^^^^^^^^^^^^^^^^^^^^^^^^^^
  File "/home/sagar/AI-ML/evaluation/enterprise-knowledge-assistant/app/services/rag_service.py", line 162, in execute_rag_pipeline
    context, context_chunks = self.context_service.prepare_context(
    ^^^^^^^^^^^^^^^^^^^^^^^
TypeError: cannot unpack non-iterable coroutine object
2026-07-21 12:35:47,016 | ERROR    | logging_middleware.py:89 | Unhandled Exception POST /api/v1/upload (8696.25 ms)
  + Exception Group Traceback (most recent call last):
  |   File "/home/sagar/AI-ML/evaluation/enterprise-knowledge-assistant/venv/lib/python3.11/site-packages/starlette/_utils.py", line 85, in create_collapsing_task_group
  |     async with anyio.create_task_group() as tg:
  |   File "/home/sagar/AI-ML/evaluation/enterprise-knowledge-assistant/venv/lib/python3.11/site-packages/anyio/_backends/_asyncio.py", line 815, in __aexit__
  |     raise BaseExceptionGroup(
  | ExceptionGroup: unhandled errors in a TaskGroup (1 sub-exception)
  +-+---------------- 1 ----------------
    | Traceback (most recent call last):
    |   File "/home/sagar/AI-ML/evaluation/enterprise-knowledge-assistant/app/middleware/logging_middleware.py", line 56, in dispatch
    |     response = await call_next(request)
    |                ^^^^^^^^^^^^^^^^^^^^^^^^
    |   File "/home/sagar/AI-ML/evaluation/enterprise-knowledge-assistant/venv/lib/python3.11/site-packages/starlette/middleware/base.py", line 168, in call_next
    |     raise app_exc from app_exc.__cause__ or app_exc.__context__
    |   File "/home/sagar/AI-ML/evaluation/enterprise-knowledge-assistant/venv/lib/python3.11/site-packages/starlette/middleware/base.py", line 144, in coro
    |     await self.app(scope, receive_or_disconnect, send_no_error)
    |   File "/home/sagar/AI-ML/evaluation/enterprise-knowledge-assistant/venv/lib/python3.11/site-packages/starlette/middleware/base.py", line 193, in __call__
    |     response = await self.dispatch_func(request, call_next)
    |                ^^^^^^^^^^^^^^^^^^^^^^^^^^^^^^^^^^^^^^^^^^^^
    |   File "/home/sagar/AI-ML/evaluation/enterprise-knowledge-assistant/app/middleware/request_context.py", line 64, in dispatch
    |     response = await call_next(request)
    |                ^^^^^^^^^^^^^^^^^^^^^^^^
    |   File "/home/sagar/AI-ML/evaluation/enterprise-knowledge-assistant/venv/lib/python3.11/site-packages/starlette/middleware/base.py", line 168, in call_next
    |     raise app_exc from app_exc.__cause__ or app_exc.__context__
    |   File "/home/sagar/AI-ML/evaluation/enterprise-knowledge-assistant/venv/lib/python3.11/site-packages/starlette/middleware/base.py", line 144, in coro
    |     await self.app(scope, receive_or_disconnect, send_no_error)
    |   File "/home/sagar/AI-ML/evaluation/enterprise-knowledge-assistant/venv/lib/python3.11/site-packages/starlette/middleware/exceptions.py", line 63, in __call__
    |     await wrap_app_handling_exceptions(self.app, conn)(scope, receive, send)
    |   File "/home/sagar/AI-ML/evaluation/enterprise-knowledge-assistant/venv/lib/python3.11/site-packages/starlette/_exception_handler.py", line 53, in wrapped_app
    |     raise exc
    |   File "/home/sagar/AI-ML/evaluation/enterprise-knowledge-assistant/venv/lib/python3.11/site-packages/starlette/_exception_handler.py", line 42, in wrapped_app
    |     await app(scope, receive, sender)
    |   File "/home/sagar/AI-ML/evaluation/enterprise-knowledge-assistant/venv/lib/python3.11/site-packages/fastapi/middleware/asyncexitstack.py", line 18, in __call__
    |     await self.app(scope, receive, send)
    |   File "/home/sagar/AI-ML/evaluation/enterprise-knowledge-assistant/venv/lib/python3.11/site-packages/starlette/routing.py", line 660, in __call__
    |     await self.middleware_stack(scope, receive, send)
    |   File "/home/sagar/AI-ML/evaluation/enterprise-knowledge-assistant/venv/lib/python3.11/site-packages/fastapi/routing.py", line 2683, in app
    |     await route.handle(scope, receive, send)
    |   File "/home/sagar/AI-ML/evaluation/enterprise-knowledge-assistant/venv/lib/python3.11/site-packages/fastapi/routing.py", line 1753, in handle
    |     await self.original_router.handle(scope, receive, send)
    |   File "/home/sagar/AI-ML/evaluation/enterprise-knowledge-assistant/venv/lib/python3.11/site-packages/fastapi/routing.py", line 2738, in handle
    |     await included_router._handle_selected(scope, receive, send)
    |   File "/home/sagar/AI-ML/evaluation/enterprise-knowledge-assistant/venv/lib/python3.11/site-packages/fastapi/routing.py", line 1764, in _handle_selected
    |     await route.handle(scope, receive, send)
    |   File "/home/sagar/AI-ML/evaluation/enterprise-knowledge-assistant/venv/lib/python3.11/site-packages/fastapi/routing.py", line 1753, in handle
    |     await self.original_router.handle(scope, receive, send)
    |   File "/home/sagar/AI-ML/evaluation/enterprise-knowledge-assistant/venv/lib/python3.11/site-packages/fastapi/routing.py", line 2738, in handle
    |     await included_router._handle_selected(scope, receive, send)
    |   File "/home/sagar/AI-ML/evaluation/enterprise-knowledge-assistant/venv/lib/python3.11/site-packages/fastapi/routing.py", line 1773, in _handle_selected
    |     await original_route.handle(scope, receive, send)
    |   File "/home/sagar/AI-ML/evaluation/enterprise-knowledge-assistant/venv/lib/python3.11/site-packages/fastapi/routing.py", line 1264, in handle
    |     await app(scope, receive, send)
    |   File "/home/sagar/AI-ML/evaluation/enterprise-knowledge-assistant/venv/lib/python3.11/site-packages/fastapi/routing.py", line 150, in app
    |     await wrap_app_handling_exceptions(app, request)(scope, receive, send)
    |   File "/home/sagar/AI-ML/evaluation/enterprise-knowledge-assistant/venv/lib/python3.11/site-packages/starlette/_exception_handler.py", line 53, in wrapped_app
    |     raise exc
    |   File "/home/sagar/AI-ML/evaluation/enterprise-knowledge-assistant/venv/lib/python3.11/site-packages/starlette/_exception_handler.py", line 42, in wrapped_app
    |     await app(scope, receive, sender)
    |   File "/home/sagar/AI-ML/evaluation/enterprise-knowledge-assistant/venv/lib/python3.11/site-packages/fastapi/routing.py", line 136, in app
    |     response = await f(request)
    |                ^^^^^^^^^^^^^^^^
    |   File "/home/sagar/AI-ML/evaluation/enterprise-knowledge-assistant/venv/lib/python3.11/site-packages/fastapi/routing.py", line 690, in app
    |     raw_response = await run_endpoint_function(
    |                    ^^^^^^^^^^^^^^^^^^^^^^^^^^^^
    |   File "/home/sagar/AI-ML/evaluation/enterprise-knowledge-assistant/venv/lib/python3.11/site-packages/fastapi/routing.py", line 344, in run_endpoint_function
    |     return await dependant.call(**values)
    |            ^^^^^^^^^^^^^^^^^^^^^^^^^^^^^^
    |   File "/home/sagar/AI-ML/evaluation/enterprise-knowledge-assistant/app/api/routes/upload_api.py", line 20, in upload
    |     return await upload_pdf(
    |            ^^^^^^^^^^^^^^^^^
    |   File "/home/sagar/AI-ML/evaluation/enterprise-knowledge-assistant/app/controllers/upload_controller.py", line 30, in upload_pdf
    |     file.filename,
    |     ^^^^
    | NameError: name 'file' is not defined
    +------------------------------------

The above exception was the direct cause of the following exception:

Traceback (most recent call last):
  File "/home/sagar/AI-ML/evaluation/enterprise-knowledge-assistant/app/middleware/logging_middleware.py", line 56, in dispatch
    response = await call_next(request)
               ^^^^^^^^^^^^^^^^^^^^^^^^
  File "/home/sagar/AI-ML/evaluation/enterprise-knowledge-assistant/venv/lib/python3.11/site-packages/starlette/middleware/base.py", line 168, in call_next
    raise app_exc from app_exc.__cause__ or app_exc.__context__
  File "/home/sagar/AI-ML/evaluation/enterprise-knowledge-assistant/venv/lib/python3.11/site-packages/starlette/middleware/base.py", line 144, in coro
    await self.app(scope, receive_or_disconnect, send_no_error)
  File "/home/sagar/AI-ML/evaluation/enterprise-knowledge-assistant/venv/lib/python3.11/site-packages/starlette/middleware/base.py", line 193, in __call__
    response = await self.dispatch_func(request, call_next)
               ^^^^^^^^^^^^^^^^^^^^^^^^^^^^^^^^^^^^^^^^^^^^
  File "/home/sagar/AI-ML/evaluation/enterprise-knowledge-assistant/app/middleware/request_context.py", line 64, in dispatch
    response = await call_next(request)
               ^^^^^^^^^^^^^^^^^^^^^^^^
  File "/home/sagar/AI-ML/evaluation/enterprise-knowledge-assistant/venv/lib/python3.11/site-packages/starlette/middleware/base.py", line 168, in call_next
    raise app_exc from app_exc.__cause__ or app_exc.__context__
  File "/home/sagar/AI-ML/evaluation/enterprise-knowledge-assistant/venv/lib/python3.11/site-packages/starlette/middleware/base.py", line 144, in coro
    await self.app(scope, receive_or_disconnect, send_no_error)
  File "/home/sagar/AI-ML/evaluation/enterprise-knowledge-assistant/venv/lib/python3.11/site-packages/starlette/middleware/exceptions.py", line 63, in __call__
    await wrap_app_handling_exceptions(self.app, conn)(scope, receive, send)
  File "/home/sagar/AI-ML/evaluation/enterprise-knowledge-assistant/venv/lib/python3.11/site-packages/starlette/_exception_handler.py", line 53, in wrapped_app
    raise exc
  File "/home/sagar/AI-ML/evaluation/enterprise-knowledge-assistant/venv/lib/python3.11/site-packages/starlette/_exception_handler.py", line 42, in wrapped_app
    await app(scope, receive, sender)
  File "/home/sagar/AI-ML/evaluation/enterprise-knowledge-assistant/venv/lib/python3.11/site-packages/fastapi/middleware/asyncexitstack.py", line 18, in __call__
    await self.app(scope, receive, send)
  File "/home/sagar/AI-ML/evaluation/enterprise-knowledge-assistant/venv/lib/python3.11/site-packages/starlette/routing.py", line 660, in __call__
    await self.middleware_stack(scope, receive, send)
  File "/home/sagar/AI-ML/evaluation/enterprise-knowledge-assistant/venv/lib/python3.11/site-packages/fastapi/routing.py", line 2683, in app
    await route.handle(scope, receive, send)
  File "/home/sagar/AI-ML/evaluation/enterprise-knowledge-assistant/venv/lib/python3.11/site-packages/fastapi/routing.py", line 1753, in handle
    await self.original_router.handle(scope, receive, send)
  File "/home/sagar/AI-ML/evaluation/enterprise-knowledge-assistant/venv/lib/python3.11/site-packages/fastapi/routing.py", line 2738, in handle
    await included_router._handle_selected(scope, receive, send)
  File "/home/sagar/AI-ML/evaluation/enterprise-knowledge-assistant/venv/lib/python3.11/site-packages/fastapi/routing.py", line 1764, in _handle_selected
    await route.handle(scope, receive, send)
  File "/home/sagar/AI-ML/evaluation/enterprise-knowledge-assistant/venv/lib/python3.11/site-packages/fastapi/routing.py", line 1753, in handle
    await self.original_router.handle(scope, receive, send)
  File "/home/sagar/AI-ML/evaluation/enterprise-knowledge-assistant/venv/lib/python3.11/site-packages/fastapi/routing.py", line 2738, in handle
    await included_router._handle_selected(scope, receive, send)
  File "/home/sagar/AI-ML/evaluation/enterprise-knowledge-assistant/venv/lib/python3.11/site-packages/fastapi/routing.py", line 1773, in _handle_selected
    await original_route.handle(scope, receive, send)
  File "/home/sagar/AI-ML/evaluation/enterprise-knowledge-assistant/venv/lib/python3.11/site-packages/fastapi/routing.py", line 1264, in handle
    await app(scope, receive, send)
  File "/home/sagar/AI-ML/evaluation/enterprise-knowledge-assistant/venv/lib/python3.11/site-packages/fastapi/routing.py", line 150, in app
    await wrap_app_handling_exceptions(app, request)(scope, receive, send)
  File "/home/sagar/AI-ML/evaluation/enterprise-knowledge-assistant/venv/lib/python3.11/site-packages/starlette/_exception_handler.py", line 53, in wrapped_app
    raise exc
  File "/home/sagar/AI-ML/evaluation/enterprise-knowledge-assistant/venv/lib/python3.11/site-packages/starlette/_exception_handler.py", line 42, in wrapped_app
    await app(scope, receive, sender)
  File "/home/sagar/AI-ML/evaluation/enterprise-knowledge-assistant/venv/lib/python3.11/site-packages/fastapi/routing.py", line 136, in app
    response = await f(request)
               ^^^^^^^^^^^^^^^^
  File "/home/sagar/AI-ML/evaluation/enterprise-knowledge-assistant/venv/lib/python3.11/site-packages/fastapi/routing.py", line 690, in app
    raw_response = await run_endpoint_function(
                   ^^^^^^^^^^^^^^^^^^^^^^^^^^^^
  File "/home/sagar/AI-ML/evaluation/enterprise-knowledge-assistant/venv/lib/python3.11/site-packages/fastapi/routing.py", line 344, in run_endpoint_function
    return await dependant.call(**values)
           ^^^^^^^^^^^^^^^^^^^^^^^^^^^^^^
  File "/home/sagar/AI-ML/evaluation/enterprise-knowledge-assistant/app/api/routes/upload_api.py", line 20, in upload
    return await upload_pdf(
           ^^^^^^^^^^^^^^^^^
  File "/home/sagar/AI-ML/evaluation/enterprise-knowledge-assistant/app/controllers/upload_controller.py", line 30, in upload_pdf
    file.filename,
    ^^^^
NameError: name 'file' is not defined
2026-07-21 12:53:36,518 | ERROR    | rag_service.py:299 | RAG pipeline execution failed.
Traceback (most recent call last):
  File "/home/sagar/AI-ML/evaluation/enterprise-knowledge-assistant/app/services/rag_service.py", line 103, in execute_rag_pipeline
    retrieved_chunks = await self.hybrid_search_service.search(
                       ^^^^^^^^^^^^^^^^^^^^^^^^^^^^^^^^^^^^^^^^
  File "/home/sagar/AI-ML/evaluation/enterprise-knowledge-assistant/app/services/hybrid_search_service.py", line 90, in search
    bm25_results = await self.bm25_service.search(
                   ^^^^^^^^^^^^^^^^^^^^^^^^^^^^^^^
  File "/home/sagar/AI-ML/evaluation/enterprise-knowledge-assistant/app/services/bm25_service.py", line 42, in search
    chunks = await self.vector_repo.bm25_search(
             ^^^^^^^^^^^^^^^^^^^^^^^^^^^^^^^^^^^
  File "/home/sagar/AI-ML/evaluation/enterprise-knowledge-assistant/app/repositories/vector_repository.py", line 186, in bm25_search
    rows = await conn.fetch(
           ^^^^^^^^^^^^^^^^^
  File "/home/sagar/AI-ML/evaluation/enterprise-knowledge-assistant/venv/lib/python3.11/site-packages/asyncpg/connection.py", line 694, in fetch
    return await self._execute(
           ^^^^^^^^^^^^^^^^^^^^
  File "/home/sagar/AI-ML/evaluation/enterprise-knowledge-assistant/venv/lib/python3.11/site-packages/asyncpg/connection.py", line 1873, in _execute
    result, _ = await self.__execute(
                ^^^^^^^^^^^^^^^^^^^^^
  File "/home/sagar/AI-ML/evaluation/enterprise-knowledge-assistant/venv/lib/python3.11/site-packages/asyncpg/connection.py", line 1970, in __execute
    result, stmt = await self._do_execute(
                   ^^^^^^^^^^^^^^^^^^^^^^^
  File "/home/sagar/AI-ML/evaluation/enterprise-knowledge-assistant/venv/lib/python3.11/site-packages/asyncpg/connection.py", line 2033, in _do_execute
    result = await executor(stmt, None)
             ^^^^^^^^^^^^^^^^^^^^^^^^^^
  File "asyncpg/protocol/protocol.pyx", line 205, in bind_execute
asyncpg.exceptions.InternalServerError: tsquery stack too small
2026-07-21 12:53:36,539 | ERROR    | logging_middleware.py:89 | Unhandled Exception POST /api/v1/query (17010.23 ms)
  + Exception Group Traceback (most recent call last):
  |   File "/home/sagar/AI-ML/evaluation/enterprise-knowledge-assistant/venv/lib/python3.11/site-packages/starlette/_utils.py", line 85, in create_collapsing_task_group
  |     async with anyio.create_task_group() as tg:
  |   File "/home/sagar/AI-ML/evaluation/enterprise-knowledge-assistant/venv/lib/python3.11/site-packages/anyio/_backends/_asyncio.py", line 815, in __aexit__
  |     raise BaseExceptionGroup(
  | ExceptionGroup: unhandled errors in a TaskGroup (1 sub-exception)
  +-+---------------- 1 ----------------
    | Traceback (most recent call last):
    |   File "/home/sagar/AI-ML/evaluation/enterprise-knowledge-assistant/app/middleware/logging_middleware.py", line 56, in dispatch
    |     response = await call_next(request)
    |                ^^^^^^^^^^^^^^^^^^^^^^^^
    |   File "/home/sagar/AI-ML/evaluation/enterprise-knowledge-assistant/venv/lib/python3.11/site-packages/starlette/middleware/base.py", line 168, in call_next
    |     raise app_exc from app_exc.__cause__ or app_exc.__context__
    |   File "/home/sagar/AI-ML/evaluation/enterprise-knowledge-assistant/venv/lib/python3.11/site-packages/starlette/middleware/base.py", line 144, in coro
    |     await self.app(scope, receive_or_disconnect, send_no_error)
    |   File "/home/sagar/AI-ML/evaluation/enterprise-knowledge-assistant/venv/lib/python3.11/site-packages/starlette/middleware/base.py", line 193, in __call__
    |     response = await self.dispatch_func(request, call_next)
    |                ^^^^^^^^^^^^^^^^^^^^^^^^^^^^^^^^^^^^^^^^^^^^
    |   File "/home/sagar/AI-ML/evaluation/enterprise-knowledge-assistant/app/middleware/request_context.py", line 64, in dispatch
    |     response = await call_next(request)
    |                ^^^^^^^^^^^^^^^^^^^^^^^^
    |   File "/home/sagar/AI-ML/evaluation/enterprise-knowledge-assistant/venv/lib/python3.11/site-packages/starlette/middleware/base.py", line 168, in call_next
    |     raise app_exc from app_exc.__cause__ or app_exc.__context__
    |   File "/home/sagar/AI-ML/evaluation/enterprise-knowledge-assistant/venv/lib/python3.11/site-packages/starlette/middleware/base.py", line 144, in coro
    |     await self.app(scope, receive_or_disconnect, send_no_error)
    |   File "/home/sagar/AI-ML/evaluation/enterprise-knowledge-assistant/venv/lib/python3.11/site-packages/starlette/middleware/exceptions.py", line 63, in __call__
    |     await wrap_app_handling_exceptions(self.app, conn)(scope, receive, send)
    |   File "/home/sagar/AI-ML/evaluation/enterprise-knowledge-assistant/venv/lib/python3.11/site-packages/starlette/_exception_handler.py", line 53, in wrapped_app
    |     raise exc
    |   File "/home/sagar/AI-ML/evaluation/enterprise-knowledge-assistant/venv/lib/python3.11/site-packages/starlette/_exception_handler.py", line 42, in wrapped_app
    |     await app(scope, receive, sender)
    |   File "/home/sagar/AI-ML/evaluation/enterprise-knowledge-assistant/venv/lib/python3.11/site-packages/fastapi/middleware/asyncexitstack.py", line 18, in __call__
    |     await self.app(scope, receive, send)
    |   File "/home/sagar/AI-ML/evaluation/enterprise-knowledge-assistant/venv/lib/python3.11/site-packages/starlette/routing.py", line 660, in __call__
    |     await self.middleware_stack(scope, receive, send)
    |   File "/home/sagar/AI-ML/evaluation/enterprise-knowledge-assistant/venv/lib/python3.11/site-packages/fastapi/routing.py", line 2683, in app
    |     await route.handle(scope, receive, send)
    |   File "/home/sagar/AI-ML/evaluation/enterprise-knowledge-assistant/venv/lib/python3.11/site-packages/fastapi/routing.py", line 1753, in handle
    |     await self.original_router.handle(scope, receive, send)
    |   File "/home/sagar/AI-ML/evaluation/enterprise-knowledge-assistant/venv/lib/python3.11/site-packages/fastapi/routing.py", line 2738, in handle
    |     await included_router._handle_selected(scope, receive, send)
    |   File "/home/sagar/AI-ML/evaluation/enterprise-knowledge-assistant/venv/lib/python3.11/site-packages/fastapi/routing.py", line 1764, in _handle_selected
    |     await route.handle(scope, receive, send)
    |   File "/home/sagar/AI-ML/evaluation/enterprise-knowledge-assistant/venv/lib/python3.11/site-packages/fastapi/routing.py", line 1753, in handle
    |     await self.original_router.handle(scope, receive, send)
    |   File "/home/sagar/AI-ML/evaluation/enterprise-knowledge-assistant/venv/lib/python3.11/site-packages/fastapi/routing.py", line 2738, in handle
    |     await included_router._handle_selected(scope, receive, send)
    |   File "/home/sagar/AI-ML/evaluation/enterprise-knowledge-assistant/venv/lib/python3.11/site-packages/fastapi/routing.py", line 1773, in _handle_selected
    |     await original_route.handle(scope, receive, send)
    |   File "/home/sagar/AI-ML/evaluation/enterprise-knowledge-assistant/venv/lib/python3.11/site-packages/fastapi/routing.py", line 1264, in handle
    |     await app(scope, receive, send)
    |   File "/home/sagar/AI-ML/evaluation/enterprise-knowledge-assistant/venv/lib/python3.11/site-packages/fastapi/routing.py", line 150, in app
    |     await wrap_app_handling_exceptions(app, request)(scope, receive, send)
    |   File "/home/sagar/AI-ML/evaluation/enterprise-knowledge-assistant/venv/lib/python3.11/site-packages/starlette/_exception_handler.py", line 53, in wrapped_app
    |     raise exc
    |   File "/home/sagar/AI-ML/evaluation/enterprise-knowledge-assistant/venv/lib/python3.11/site-packages/starlette/_exception_handler.py", line 42, in wrapped_app
    |     await app(scope, receive, sender)
    |   File "/home/sagar/AI-ML/evaluation/enterprise-knowledge-assistant/venv/lib/python3.11/site-packages/fastapi/routing.py", line 136, in app
    |     response = await f(request)
    |                ^^^^^^^^^^^^^^^^
    |   File "/home/sagar/AI-ML/evaluation/enterprise-knowledge-assistant/venv/lib/python3.11/site-packages/fastapi/routing.py", line 690, in app
    |     raw_response = await run_endpoint_function(
    |                    ^^^^^^^^^^^^^^^^^^^^^^^^^^^^
    |   File "/home/sagar/AI-ML/evaluation/enterprise-knowledge-assistant/venv/lib/python3.11/site-packages/fastapi/routing.py", line 344, in run_endpoint_function
    |     return await dependant.call(**values)
    |            ^^^^^^^^^^^^^^^^^^^^^^^^^^^^^^
    |   File "/home/sagar/AI-ML/evaluation/enterprise-knowledge-assistant/app/api/routes/query_api.py", line 19, in query
    |     return await query_assistant(
    |            ^^^^^^^^^^^^^^^^^^^^^^
    |   File "/home/sagar/AI-ML/evaluation/enterprise-knowledge-assistant/app/controllers/query_controller.py", line 44, in query_assistant
    |     result = await rag_service.execute_rag_pipeline(
    |              ^^^^^^^^^^^^^^^^^^^^^^^^^^^^^^^^^^^^^^^
    |   File "/home/sagar/AI-ML/evaluation/enterprise-knowledge-assistant/app/services/rag_service.py", line 103, in execute_rag_pipeline
    |     retrieved_chunks = await self.hybrid_search_service.search(
    |                        ^^^^^^^^^^^^^^^^^^^^^^^^^^^^^^^^^^^^^^^^
    |   File "/home/sagar/AI-ML/evaluation/enterprise-knowledge-assistant/app/services/hybrid_search_service.py", line 90, in search
    |     bm25_results = await self.bm25_service.search(
    |                    ^^^^^^^^^^^^^^^^^^^^^^^^^^^^^^^
    |   File "/home/sagar/AI-ML/evaluation/enterprise-knowledge-assistant/app/services/bm25_service.py", line 42, in search
    |     chunks = await self.vector_repo.bm25_search(
    |              ^^^^^^^^^^^^^^^^^^^^^^^^^^^^^^^^^^^
    |   File "/home/sagar/AI-ML/evaluation/enterprise-knowledge-assistant/app/repositories/vector_repository.py", line 186, in bm25_search
    |     rows = await conn.fetch(
    |            ^^^^^^^^^^^^^^^^^
    |   File "/home/sagar/AI-ML/evaluation/enterprise-knowledge-assistant/venv/lib/python3.11/site-packages/asyncpg/connection.py", line 694, in fetch
    |     return await self._execute(
    |            ^^^^^^^^^^^^^^^^^^^^
    |   File "/home/sagar/AI-ML/evaluation/enterprise-knowledge-assistant/venv/lib/python3.11/site-packages/asyncpg/connection.py", line 1873, in _execute
    |     result, _ = await self.__execute(
    |                 ^^^^^^^^^^^^^^^^^^^^^
    |   File "/home/sagar/AI-ML/evaluation/enterprise-knowledge-assistant/venv/lib/python3.11/site-packages/asyncpg/connection.py", line 1970, in __execute
    |     result, stmt = await self._do_execute(
    |                    ^^^^^^^^^^^^^^^^^^^^^^^
    |   File "/home/sagar/AI-ML/evaluation/enterprise-knowledge-assistant/venv/lib/python3.11/site-packages/asyncpg/connection.py", line 2033, in _do_execute
    |     result = await executor(stmt, None)
    |              ^^^^^^^^^^^^^^^^^^^^^^^^^^
    |   File "asyncpg/protocol/protocol.pyx", line 205, in bind_execute
    | asyncpg.exceptions.InternalServerError: tsquery stack too small
    +------------------------------------

The above exception was the direct cause of the following exception:

Traceback (most recent call last):
  File "/home/sagar/AI-ML/evaluation/enterprise-knowledge-assistant/app/middleware/logging_middleware.py", line 56, in dispatch
    response = await call_next(request)
               ^^^^^^^^^^^^^^^^^^^^^^^^
  File "/home/sagar/AI-ML/evaluation/enterprise-knowledge-assistant/venv/lib/python3.11/site-packages/starlette/middleware/base.py", line 168, in call_next
    raise app_exc from app_exc.__cause__ or app_exc.__context__
  File "/home/sagar/AI-ML/evaluation/enterprise-knowledge-assistant/venv/lib/python3.11/site-packages/starlette/middleware/base.py", line 144, in coro
    await self.app(scope, receive_or_disconnect, send_no_error)
  File "/home/sagar/AI-ML/evaluation/enterprise-knowledge-assistant/venv/lib/python3.11/site-packages/starlette/middleware/base.py", line 193, in __call__
    response = await self.dispatch_func(request, call_next)
               ^^^^^^^^^^^^^^^^^^^^^^^^^^^^^^^^^^^^^^^^^^^^
  File "/home/sagar/AI-ML/evaluation/enterprise-knowledge-assistant/app/middleware/request_context.py", line 64, in dispatch
    response = await call_next(request)
               ^^^^^^^^^^^^^^^^^^^^^^^^
  File "/home/sagar/AI-ML/evaluation/enterprise-knowledge-assistant/venv/lib/python3.11/site-packages/starlette/middleware/base.py", line 168, in call_next
    raise app_exc from app_exc.__cause__ or app_exc.__context__
  File "/home/sagar/AI-ML/evaluation/enterprise-knowledge-assistant/venv/lib/python3.11/site-packages/starlette/middleware/base.py", line 144, in coro
    await self.app(scope, receive_or_disconnect, send_no_error)
  File "/home/sagar/AI-ML/evaluation/enterprise-knowledge-assistant/venv/lib/python3.11/site-packages/starlette/middleware/exceptions.py", line 63, in __call__
    await wrap_app_handling_exceptions(self.app, conn)(scope, receive, send)
  File "/home/sagar/AI-ML/evaluation/enterprise-knowledge-assistant/venv/lib/python3.11/site-packages/starlette/_exception_handler.py", line 53, in wrapped_app
    raise exc
  File "/home/sagar/AI-ML/evaluation/enterprise-knowledge-assistant/venv/lib/python3.11/site-packages/starlette/_exception_handler.py", line 42, in wrapped_app
    await app(scope, receive, sender)
  File "/home/sagar/AI-ML/evaluation/enterprise-knowledge-assistant/venv/lib/python3.11/site-packages/fastapi/middleware/asyncexitstack.py", line 18, in __call__
    await self.app(scope, receive, send)
  File "/home/sagar/AI-ML/evaluation/enterprise-knowledge-assistant/venv/lib/python3.11/site-packages/starlette/routing.py", line 660, in __call__
    await self.middleware_stack(scope, receive, send)
  File "/home/sagar/AI-ML/evaluation/enterprise-knowledge-assistant/venv/lib/python3.11/site-packages/fastapi/routing.py", line 2683, in app
    await route.handle(scope, receive, send)
  File "/home/sagar/AI-ML/evaluation/enterprise-knowledge-assistant/venv/lib/python3.11/site-packages/fastapi/routing.py", line 1753, in handle
    await self.original_router.handle(scope, receive, send)
  File "/home/sagar/AI-ML/evaluation/enterprise-knowledge-assistant/venv/lib/python3.11/site-packages/fastapi/routing.py", line 2738, in handle
    await included_router._handle_selected(scope, receive, send)
  File "/home/sagar/AI-ML/evaluation/enterprise-knowledge-assistant/venv/lib/python3.11/site-packages/fastapi/routing.py", line 1764, in _handle_selected
    await route.handle(scope, receive, send)
  File "/home/sagar/AI-ML/evaluation/enterprise-knowledge-assistant/venv/lib/python3.11/site-packages/fastapi/routing.py", line 1753, in handle
    await self.original_router.handle(scope, receive, send)
  File "/home/sagar/AI-ML/evaluation/enterprise-knowledge-assistant/venv/lib/python3.11/site-packages/fastapi/routing.py", line 2738, in handle
    await included_router._handle_selected(scope, receive, send)
  File "/home/sagar/AI-ML/evaluation/enterprise-knowledge-assistant/venv/lib/python3.11/site-packages/fastapi/routing.py", line 1773, in _handle_selected
    await original_route.handle(scope, receive, send)
  File "/home/sagar/AI-ML/evaluation/enterprise-knowledge-assistant/venv/lib/python3.11/site-packages/fastapi/routing.py", line 1264, in handle
    await app(scope, receive, send)
  File "/home/sagar/AI-ML/evaluation/enterprise-knowledge-assistant/venv/lib/python3.11/site-packages/fastapi/routing.py", line 150, in app
    await wrap_app_handling_exceptions(app, request)(scope, receive, send)
  File "/home/sagar/AI-ML/evaluation/enterprise-knowledge-assistant/venv/lib/python3.11/site-packages/starlette/_exception_handler.py", line 53, in wrapped_app
    raise exc
  File "/home/sagar/AI-ML/evaluation/enterprise-knowledge-assistant/venv/lib/python3.11/site-packages/starlette/_exception_handler.py", line 42, in wrapped_app
    await app(scope, receive, sender)
  File "/home/sagar/AI-ML/evaluation/enterprise-knowledge-assistant/venv/lib/python3.11/site-packages/fastapi/routing.py", line 136, in app
    response = await f(request)
               ^^^^^^^^^^^^^^^^
  File "/home/sagar/AI-ML/evaluation/enterprise-knowledge-assistant/venv/lib/python3.11/site-packages/fastapi/routing.py", line 690, in app
    raw_response = await run_endpoint_function(
                   ^^^^^^^^^^^^^^^^^^^^^^^^^^^^
  File "/home/sagar/AI-ML/evaluation/enterprise-knowledge-assistant/venv/lib/python3.11/site-packages/fastapi/routing.py", line 344, in run_endpoint_function
    return await dependant.call(**values)
           ^^^^^^^^^^^^^^^^^^^^^^^^^^^^^^
  File "/home/sagar/AI-ML/evaluation/enterprise-knowledge-assistant/app/api/routes/query_api.py", line 19, in query
    return await query_assistant(
           ^^^^^^^^^^^^^^^^^^^^^^
  File "/home/sagar/AI-ML/evaluation/enterprise-knowledge-assistant/app/controllers/query_controller.py", line 44, in query_assistant
    result = await rag_service.execute_rag_pipeline(
             ^^^^^^^^^^^^^^^^^^^^^^^^^^^^^^^^^^^^^^^
  File "/home/sagar/AI-ML/evaluation/enterprise-knowledge-assistant/app/services/rag_service.py", line 103, in execute_rag_pipeline
    retrieved_chunks = await self.hybrid_search_service.search(
                       ^^^^^^^^^^^^^^^^^^^^^^^^^^^^^^^^^^^^^^^^
  File "/home/sagar/AI-ML/evaluation/enterprise-knowledge-assistant/app/services/hybrid_search_service.py", line 90, in search
    bm25_results = await self.bm25_service.search(
                   ^^^^^^^^^^^^^^^^^^^^^^^^^^^^^^^
  File "/home/sagar/AI-ML/evaluation/enterprise-knowledge-assistant/app/services/bm25_service.py", line 42, in search
    chunks = await self.vector_repo.bm25_search(
             ^^^^^^^^^^^^^^^^^^^^^^^^^^^^^^^^^^^
  File "/home/sagar/AI-ML/evaluation/enterprise-knowledge-assistant/app/repositories/vector_repository.py", line 186, in bm25_search
    rows = await conn.fetch(
           ^^^^^^^^^^^^^^^^^
  File "/home/sagar/AI-ML/evaluation/enterprise-knowledge-assistant/venv/lib/python3.11/site-packages/asyncpg/connection.py", line 694, in fetch
    return await self._execute(
           ^^^^^^^^^^^^^^^^^^^^
  File "/home/sagar/AI-ML/evaluation/enterprise-knowledge-assistant/venv/lib/python3.11/site-packages/asyncpg/connection.py", line 1873, in _execute
    result, _ = await self.__execute(
                ^^^^^^^^^^^^^^^^^^^^^
  File "/home/sagar/AI-ML/evaluation/enterprise-knowledge-assistant/venv/lib/python3.11/site-packages/asyncpg/connection.py", line 1970, in __execute
    result, stmt = await self._do_execute(
                   ^^^^^^^^^^^^^^^^^^^^^^^
  File "/home/sagar/AI-ML/evaluation/enterprise-knowledge-assistant/venv/lib/python3.11/site-packages/asyncpg/connection.py", line 2033, in _do_execute
    result = await executor(stmt, None)
             ^^^^^^^^^^^^^^^^^^^^^^^^^^
  File "asyncpg/protocol/protocol.pyx", line 205, in bind_execute
asyncpg.exceptions.InternalServerError: tsquery stack too small
2026-07-22 13:54:28,262 | ERROR    | logging_middleware.py:89 | Unhandled Exception POST /api/v1/query (14584.32 ms)
  + Exception Group Traceback (most recent call last):
  |   File "/home/sagar/AI-ML/evaluation/enterprise-knowledge-assistant/venv/lib/python3.11/site-packages/starlette/_utils.py", line 85, in create_collapsing_task_group
  |     async with anyio.create_task_group() as tg:
  |   File "/home/sagar/AI-ML/evaluation/enterprise-knowledge-assistant/venv/lib/python3.11/site-packages/anyio/_backends/_asyncio.py", line 815, in __aexit__
  |     raise BaseExceptionGroup(
  | ExceptionGroup: unhandled errors in a TaskGroup (1 sub-exception)
  +-+---------------- 1 ----------------
    | Traceback (most recent call last):
    |   File "/home/sagar/AI-ML/evaluation/enterprise-knowledge-assistant/app/middleware/logging_middleware.py", line 56, in dispatch
    |     response = await call_next(request)
    |                ^^^^^^^^^^^^^^^^^^^^^^^^
    |   File "/home/sagar/AI-ML/evaluation/enterprise-knowledge-assistant/venv/lib/python3.11/site-packages/starlette/middleware/base.py", line 168, in call_next
    |     raise app_exc from app_exc.__cause__ or app_exc.__context__
    |   File "/home/sagar/AI-ML/evaluation/enterprise-knowledge-assistant/venv/lib/python3.11/site-packages/starlette/middleware/base.py", line 144, in coro
    |     await self.app(scope, receive_or_disconnect, send_no_error)
    |   File "/home/sagar/AI-ML/evaluation/enterprise-knowledge-assistant/venv/lib/python3.11/site-packages/starlette/middleware/base.py", line 193, in __call__
    |     response = await self.dispatch_func(request, call_next)
    |                ^^^^^^^^^^^^^^^^^^^^^^^^^^^^^^^^^^^^^^^^^^^^
    |   File "/home/sagar/AI-ML/evaluation/enterprise-knowledge-assistant/app/middleware/request_context.py", line 64, in dispatch
    |     response = await call_next(request)
    |                ^^^^^^^^^^^^^^^^^^^^^^^^
    |   File "/home/sagar/AI-ML/evaluation/enterprise-knowledge-assistant/venv/lib/python3.11/site-packages/starlette/middleware/base.py", line 168, in call_next
    |     raise app_exc from app_exc.__cause__ or app_exc.__context__
    |   File "/home/sagar/AI-ML/evaluation/enterprise-knowledge-assistant/venv/lib/python3.11/site-packages/starlette/middleware/base.py", line 144, in coro
    |     await self.app(scope, receive_or_disconnect, send_no_error)
    |   File "/home/sagar/AI-ML/evaluation/enterprise-knowledge-assistant/venv/lib/python3.11/site-packages/starlette/middleware/exceptions.py", line 63, in __call__
    |     await wrap_app_handling_exceptions(self.app, conn)(scope, receive, send)
    |   File "/home/sagar/AI-ML/evaluation/enterprise-knowledge-assistant/venv/lib/python3.11/site-packages/starlette/_exception_handler.py", line 53, in wrapped_app
    |     raise exc
    |   File "/home/sagar/AI-ML/evaluation/enterprise-knowledge-assistant/venv/lib/python3.11/site-packages/starlette/_exception_handler.py", line 42, in wrapped_app
    |     await app(scope, receive, sender)
    |   File "/home/sagar/AI-ML/evaluation/enterprise-knowledge-assistant/venv/lib/python3.11/site-packages/fastapi/middleware/asyncexitstack.py", line 18, in __call__
    |     await self.app(scope, receive, send)
    |   File "/home/sagar/AI-ML/evaluation/enterprise-knowledge-assistant/venv/lib/python3.11/site-packages/starlette/routing.py", line 660, in __call__
    |     await self.middleware_stack(scope, receive, send)
    |   File "/home/sagar/AI-ML/evaluation/enterprise-knowledge-assistant/venv/lib/python3.11/site-packages/fastapi/routing.py", line 2683, in app
    |     await route.handle(scope, receive, send)
    |   File "/home/sagar/AI-ML/evaluation/enterprise-knowledge-assistant/venv/lib/python3.11/site-packages/fastapi/routing.py", line 1753, in handle
    |     await self.original_router.handle(scope, receive, send)
    |   File "/home/sagar/AI-ML/evaluation/enterprise-knowledge-assistant/venv/lib/python3.11/site-packages/fastapi/routing.py", line 2738, in handle
    |     await included_router._handle_selected(scope, receive, send)
    |   File "/home/sagar/AI-ML/evaluation/enterprise-knowledge-assistant/venv/lib/python3.11/site-packages/fastapi/routing.py", line 1764, in _handle_selected
    |     await route.handle(scope, receive, send)
    |   File "/home/sagar/AI-ML/evaluation/enterprise-knowledge-assistant/venv/lib/python3.11/site-packages/fastapi/routing.py", line 1753, in handle
    |     await self.original_router.handle(scope, receive, send)
    |   File "/home/sagar/AI-ML/evaluation/enterprise-knowledge-assistant/venv/lib/python3.11/site-packages/fastapi/routing.py", line 2738, in handle
    |     await included_router._handle_selected(scope, receive, send)
    |   File "/home/sagar/AI-ML/evaluation/enterprise-knowledge-assistant/venv/lib/python3.11/site-packages/fastapi/routing.py", line 1773, in _handle_selected
    |     await original_route.handle(scope, receive, send)
    |   File "/home/sagar/AI-ML/evaluation/enterprise-knowledge-assistant/venv/lib/python3.11/site-packages/fastapi/routing.py", line 1264, in handle
    |     await app(scope, receive, send)
    |   File "/home/sagar/AI-ML/evaluation/enterprise-knowledge-assistant/venv/lib/python3.11/site-packages/fastapi/routing.py", line 150, in app
    |     await wrap_app_handling_exceptions(app, request)(scope, receive, send)
    |   File "/home/sagar/AI-ML/evaluation/enterprise-knowledge-assistant/venv/lib/python3.11/site-packages/starlette/_exception_handler.py", line 53, in wrapped_app
    |     raise exc
    |   File "/home/sagar/AI-ML/evaluation/enterprise-knowledge-assistant/venv/lib/python3.11/site-packages/starlette/_exception_handler.py", line 42, in wrapped_app
    |     await app(scope, receive, sender)
    |   File "/home/sagar/AI-ML/evaluation/enterprise-knowledge-assistant/venv/lib/python3.11/site-packages/fastapi/routing.py", line 136, in app
    |     response = await f(request)
    |                ^^^^^^^^^^^^^^^^
    |   File "/home/sagar/AI-ML/evaluation/enterprise-knowledge-assistant/venv/lib/python3.11/site-packages/fastapi/routing.py", line 473, in app
    |     solved_result = await solve_dependencies(
    |                     ^^^^^^^^^^^^^^^^^^^^^^^^^
    |   File "/home/sagar/AI-ML/evaluation/enterprise-knowledge-assistant/venv/lib/python3.11/site-packages/fastapi/dependencies/utils.py", line 680, in solve_dependencies
    |     solved = await run_in_threadpool(call, **solved_result.values)
    |              ^^^^^^^^^^^^^^^^^^^^^^^^^^^^^^^^^^^^^^^^^^^^^^^^^^^^^
    |   File "/home/sagar/AI-ML/evaluation/enterprise-knowledge-assistant/venv/lib/python3.11/site-packages/starlette/concurrency.py", line 34, in run_in_threadpool
    |     return await anyio.to_thread.run_sync(func)
    |            ^^^^^^^^^^^^^^^^^^^^^^^^^^^^^^^^^^^^
    |   File "/home/sagar/AI-ML/evaluation/enterprise-knowledge-assistant/venv/lib/python3.11/site-packages/anyio/to_thread.py", line 65, in run_sync
    |     return await get_async_backend().run_sync_in_worker_thread(
    |            ^^^^^^^^^^^^^^^^^^^^^^^^^^^^^^^^^^^^^^^^^^^^^^^^^^^^
    |   File "/home/sagar/AI-ML/evaluation/enterprise-knowledge-assistant/venv/lib/python3.11/site-packages/anyio/_backends/_asyncio.py", line 2641, in run_sync_in_worker_thread
    |     return await future
    |            ^^^^^^^^^^^^
    |   File "/home/sagar/AI-ML/evaluation/enterprise-knowledge-assistant/venv/lib/python3.11/site-packages/anyio/_backends/_asyncio.py", line 1033, in run
    |     result = context.run(func, *args)
    |              ^^^^^^^^^^^^^^^^^^^^^^^^
    |   File "/home/sagar/AI-ML/evaluation/enterprise-knowledge-assistant/app/api/deps.py", line 209, in get_rag_service
    |     return RAGService(
    |            ^^^^^^^^^^^
    | TypeError: RAGService.__init__() missing 1 required positional argument: 'guardrail_service'
    +------------------------------------

The above exception was the direct cause of the following exception:

Traceback (most recent call last):
  File "/home/sagar/AI-ML/evaluation/enterprise-knowledge-assistant/app/middleware/logging_middleware.py", line 56, in dispatch
    response = await call_next(request)
               ^^^^^^^^^^^^^^^^^^^^^^^^
  File "/home/sagar/AI-ML/evaluation/enterprise-knowledge-assistant/venv/lib/python3.11/site-packages/starlette/middleware/base.py", line 168, in call_next
    raise app_exc from app_exc.__cause__ or app_exc.__context__
  File "/home/sagar/AI-ML/evaluation/enterprise-knowledge-assistant/venv/lib/python3.11/site-packages/starlette/middleware/base.py", line 144, in coro
    await self.app(scope, receive_or_disconnect, send_no_error)
  File "/home/sagar/AI-ML/evaluation/enterprise-knowledge-assistant/venv/lib/python3.11/site-packages/starlette/middleware/base.py", line 193, in __call__
    response = await self.dispatch_func(request, call_next)
               ^^^^^^^^^^^^^^^^^^^^^^^^^^^^^^^^^^^^^^^^^^^^
  File "/home/sagar/AI-ML/evaluation/enterprise-knowledge-assistant/app/middleware/request_context.py", line 64, in dispatch
    response = await call_next(request)
               ^^^^^^^^^^^^^^^^^^^^^^^^
  File "/home/sagar/AI-ML/evaluation/enterprise-knowledge-assistant/venv/lib/python3.11/site-packages/starlette/middleware/base.py", line 168, in call_next
    raise app_exc from app_exc.__cause__ or app_exc.__context__
  File "/home/sagar/AI-ML/evaluation/enterprise-knowledge-assistant/venv/lib/python3.11/site-packages/starlette/middleware/base.py", line 144, in coro
    await self.app(scope, receive_or_disconnect, send_no_error)
  File "/home/sagar/AI-ML/evaluation/enterprise-knowledge-assistant/venv/lib/python3.11/site-packages/starlette/middleware/exceptions.py", line 63, in __call__
    await wrap_app_handling_exceptions(self.app, conn)(scope, receive, send)
  File "/home/sagar/AI-ML/evaluation/enterprise-knowledge-assistant/venv/lib/python3.11/site-packages/starlette/_exception_handler.py", line 53, in wrapped_app
    raise exc
  File "/home/sagar/AI-ML/evaluation/enterprise-knowledge-assistant/venv/lib/python3.11/site-packages/starlette/_exception_handler.py", line 42, in wrapped_app
    await app(scope, receive, sender)
  File "/home/sagar/AI-ML/evaluation/enterprise-knowledge-assistant/venv/lib/python3.11/site-packages/fastapi/middleware/asyncexitstack.py", line 18, in __call__
    await self.app(scope, receive, send)
  File "/home/sagar/AI-ML/evaluation/enterprise-knowledge-assistant/venv/lib/python3.11/site-packages/starlette/routing.py", line 660, in __call__
    await self.middleware_stack(scope, receive, send)
  File "/home/sagar/AI-ML/evaluation/enterprise-knowledge-assistant/venv/lib/python3.11/site-packages/fastapi/routing.py", line 2683, in app
    await route.handle(scope, receive, send)
  File "/home/sagar/AI-ML/evaluation/enterprise-knowledge-assistant/venv/lib/python3.11/site-packages/fastapi/routing.py", line 1753, in handle
    await self.original_router.handle(scope, receive, send)
  File "/home/sagar/AI-ML/evaluation/enterprise-knowledge-assistant/venv/lib/python3.11/site-packages/fastapi/routing.py", line 2738, in handle
    await included_router._handle_selected(scope, receive, send)
  File "/home/sagar/AI-ML/evaluation/enterprise-knowledge-assistant/venv/lib/python3.11/site-packages/fastapi/routing.py", line 1764, in _handle_selected
    await route.handle(scope, receive, send)
  File "/home/sagar/AI-ML/evaluation/enterprise-knowledge-assistant/venv/lib/python3.11/site-packages/fastapi/routing.py", line 1753, in handle
    await self.original_router.handle(scope, receive, send)
  File "/home/sagar/AI-ML/evaluation/enterprise-knowledge-assistant/venv/lib/python3.11/site-packages/fastapi/routing.py", line 2738, in handle
    await included_router._handle_selected(scope, receive, send)
  File "/home/sagar/AI-ML/evaluation/enterprise-knowledge-assistant/venv/lib/python3.11/site-packages/fastapi/routing.py", line 1773, in _handle_selected
    await original_route.handle(scope, receive, send)
  File "/home/sagar/AI-ML/evaluation/enterprise-knowledge-assistant/venv/lib/python3.11/site-packages/fastapi/routing.py", line 1264, in handle
    await app(scope, receive, send)
  File "/home/sagar/AI-ML/evaluation/enterprise-knowledge-assistant/venv/lib/python3.11/site-packages/fastapi/routing.py", line 150, in app
    await wrap_app_handling_exceptions(app, request)(scope, receive, send)
  File "/home/sagar/AI-ML/evaluation/enterprise-knowledge-assistant/venv/lib/python3.11/site-packages/starlette/_exception_handler.py", line 53, in wrapped_app
    raise exc
  File "/home/sagar/AI-ML/evaluation/enterprise-knowledge-assistant/venv/lib/python3.11/site-packages/starlette/_exception_handler.py", line 42, in wrapped_app
    await app(scope, receive, sender)
  File "/home/sagar/AI-ML/evaluation/enterprise-knowledge-assistant/venv/lib/python3.11/site-packages/fastapi/routing.py", line 136, in app
    response = await f(request)
               ^^^^^^^^^^^^^^^^
  File "/home/sagar/AI-ML/evaluation/enterprise-knowledge-assistant/venv/lib/python3.11/site-packages/fastapi/routing.py", line 473, in app
    solved_result = await solve_dependencies(
                    ^^^^^^^^^^^^^^^^^^^^^^^^^
  File "/home/sagar/AI-ML/evaluation/enterprise-knowledge-assistant/venv/lib/python3.11/site-packages/fastapi/dependencies/utils.py", line 680, in solve_dependencies
    solved = await run_in_threadpool(call, **solved_result.values)
             ^^^^^^^^^^^^^^^^^^^^^^^^^^^^^^^^^^^^^^^^^^^^^^^^^^^^^
  File "/home/sagar/AI-ML/evaluation/enterprise-knowledge-assistant/venv/lib/python3.11/site-packages/starlette/concurrency.py", line 34, in run_in_threadpool
    return await anyio.to_thread.run_sync(func)
           ^^^^^^^^^^^^^^^^^^^^^^^^^^^^^^^^^^^^
  File "/home/sagar/AI-ML/evaluation/enterprise-knowledge-assistant/venv/lib/python3.11/site-packages/anyio/to_thread.py", line 65, in run_sync
    return await get_async_backend().run_sync_in_worker_thread(
           ^^^^^^^^^^^^^^^^^^^^^^^^^^^^^^^^^^^^^^^^^^^^^^^^^^^^
  File "/home/sagar/AI-ML/evaluation/enterprise-knowledge-assistant/venv/lib/python3.11/site-packages/anyio/_backends/_asyncio.py", line 2641, in run_sync_in_worker_thread
    return await future
           ^^^^^^^^^^^^
  File "/home/sagar/AI-ML/evaluation/enterprise-knowledge-assistant/venv/lib/python3.11/site-packages/anyio/_backends/_asyncio.py", line 1033, in run
    result = context.run(func, *args)
             ^^^^^^^^^^^^^^^^^^^^^^^^
  File "/home/sagar/AI-ML/evaluation/enterprise-knowledge-assistant/app/api/deps.py", line 209, in get_rag_service
    return RAGService(
           ^^^^^^^^^^^
TypeError: RAGService.__init__() missing 1 required positional argument: 'guardrail_service'
2026-07-22 14:12:05,035 | ERROR    | logging_middleware.py:89 | Unhandled Exception POST /api/v1/query (14166.77 ms)
  + Exception Group Traceback (most recent call last):
  |   File "/home/sagar/AI-ML/evaluation/enterprise-knowledge-assistant/venv/lib/python3.11/site-packages/starlette/_utils.py", line 85, in create_collapsing_task_group
  |     async with anyio.create_task_group() as tg:
  |   File "/home/sagar/AI-ML/evaluation/enterprise-knowledge-assistant/venv/lib/python3.11/site-packages/anyio/_backends/_asyncio.py", line 815, in __aexit__
  |     raise BaseExceptionGroup(
  | ExceptionGroup: unhandled errors in a TaskGroup (1 sub-exception)
  +-+---------------- 1 ----------------
    | Traceback (most recent call last):
    |   File "/home/sagar/AI-ML/evaluation/enterprise-knowledge-assistant/app/middleware/logging_middleware.py", line 56, in dispatch
    |     response = await call_next(request)
    |                ^^^^^^^^^^^^^^^^^^^^^^^^
    |   File "/home/sagar/AI-ML/evaluation/enterprise-knowledge-assistant/venv/lib/python3.11/site-packages/starlette/middleware/base.py", line 168, in call_next
    |     raise app_exc from app_exc.__cause__ or app_exc.__context__
    |   File "/home/sagar/AI-ML/evaluation/enterprise-knowledge-assistant/venv/lib/python3.11/site-packages/starlette/middleware/base.py", line 144, in coro
    |     await self.app(scope, receive_or_disconnect, send_no_error)
    |   File "/home/sagar/AI-ML/evaluation/enterprise-knowledge-assistant/venv/lib/python3.11/site-packages/starlette/middleware/base.py", line 193, in __call__
    |     response = await self.dispatch_func(request, call_next)
    |                ^^^^^^^^^^^^^^^^^^^^^^^^^^^^^^^^^^^^^^^^^^^^
    |   File "/home/sagar/AI-ML/evaluation/enterprise-knowledge-assistant/app/middleware/request_context.py", line 64, in dispatch
    |     response = await call_next(request)
    |                ^^^^^^^^^^^^^^^^^^^^^^^^
    |   File "/home/sagar/AI-ML/evaluation/enterprise-knowledge-assistant/venv/lib/python3.11/site-packages/starlette/middleware/base.py", line 168, in call_next
    |     raise app_exc from app_exc.__cause__ or app_exc.__context__
    |   File "/home/sagar/AI-ML/evaluation/enterprise-knowledge-assistant/venv/lib/python3.11/site-packages/starlette/middleware/base.py", line 144, in coro
    |     await self.app(scope, receive_or_disconnect, send_no_error)
    |   File "/home/sagar/AI-ML/evaluation/enterprise-knowledge-assistant/venv/lib/python3.11/site-packages/starlette/middleware/exceptions.py", line 63, in __call__
    |     await wrap_app_handling_exceptions(self.app, conn)(scope, receive, send)
    |   File "/home/sagar/AI-ML/evaluation/enterprise-knowledge-assistant/venv/lib/python3.11/site-packages/starlette/_exception_handler.py", line 53, in wrapped_app
    |     raise exc
    |   File "/home/sagar/AI-ML/evaluation/enterprise-knowledge-assistant/venv/lib/python3.11/site-packages/starlette/_exception_handler.py", line 42, in wrapped_app
    |     await app(scope, receive, sender)
    |   File "/home/sagar/AI-ML/evaluation/enterprise-knowledge-assistant/venv/lib/python3.11/site-packages/fastapi/middleware/asyncexitstack.py", line 18, in __call__
    |     await self.app(scope, receive, send)
    |   File "/home/sagar/AI-ML/evaluation/enterprise-knowledge-assistant/venv/lib/python3.11/site-packages/starlette/routing.py", line 660, in __call__
    |     await self.middleware_stack(scope, receive, send)
    |   File "/home/sagar/AI-ML/evaluation/enterprise-knowledge-assistant/venv/lib/python3.11/site-packages/fastapi/routing.py", line 2683, in app
    |     await route.handle(scope, receive, send)
    |   File "/home/sagar/AI-ML/evaluation/enterprise-knowledge-assistant/venv/lib/python3.11/site-packages/fastapi/routing.py", line 1753, in handle
    |     await self.original_router.handle(scope, receive, send)
    |   File "/home/sagar/AI-ML/evaluation/enterprise-knowledge-assistant/venv/lib/python3.11/site-packages/fastapi/routing.py", line 2738, in handle
    |     await included_router._handle_selected(scope, receive, send)
    |   File "/home/sagar/AI-ML/evaluation/enterprise-knowledge-assistant/venv/lib/python3.11/site-packages/fastapi/routing.py", line 1764, in _handle_selected
    |     await route.handle(scope, receive, send)
    |   File "/home/sagar/AI-ML/evaluation/enterprise-knowledge-assistant/venv/lib/python3.11/site-packages/fastapi/routing.py", line 1753, in handle
    |     await self.original_router.handle(scope, receive, send)
    |   File "/home/sagar/AI-ML/evaluation/enterprise-knowledge-assistant/venv/lib/python3.11/site-packages/fastapi/routing.py", line 2738, in handle
    |     await included_router._handle_selected(scope, receive, send)
    |   File "/home/sagar/AI-ML/evaluation/enterprise-knowledge-assistant/venv/lib/python3.11/site-packages/fastapi/routing.py", line 1773, in _handle_selected
    |     await original_route.handle(scope, receive, send)
    |   File "/home/sagar/AI-ML/evaluation/enterprise-knowledge-assistant/venv/lib/python3.11/site-packages/fastapi/routing.py", line 1264, in handle
    |     await app(scope, receive, send)
    |   File "/home/sagar/AI-ML/evaluation/enterprise-knowledge-assistant/venv/lib/python3.11/site-packages/fastapi/routing.py", line 150, in app
    |     await wrap_app_handling_exceptions(app, request)(scope, receive, send)
    |   File "/home/sagar/AI-ML/evaluation/enterprise-knowledge-assistant/venv/lib/python3.11/site-packages/starlette/_exception_handler.py", line 53, in wrapped_app
    |     raise exc
    |   File "/home/sagar/AI-ML/evaluation/enterprise-knowledge-assistant/venv/lib/python3.11/site-packages/starlette/_exception_handler.py", line 42, in wrapped_app
    |     await app(scope, receive, sender)
    |   File "/home/sagar/AI-ML/evaluation/enterprise-knowledge-assistant/venv/lib/python3.11/site-packages/fastapi/routing.py", line 136, in app
    |     response = await f(request)
    |                ^^^^^^^^^^^^^^^^
    |   File "/home/sagar/AI-ML/evaluation/enterprise-knowledge-assistant/venv/lib/python3.11/site-packages/fastapi/routing.py", line 473, in app
    |     solved_result = await solve_dependencies(
    |                     ^^^^^^^^^^^^^^^^^^^^^^^^^
    |   File "/home/sagar/AI-ML/evaluation/enterprise-knowledge-assistant/venv/lib/python3.11/site-packages/fastapi/dependencies/utils.py", line 680, in solve_dependencies
    |     solved = await run_in_threadpool(call, **solved_result.values)
    |              ^^^^^^^^^^^^^^^^^^^^^^^^^^^^^^^^^^^^^^^^^^^^^^^^^^^^^
    |   File "/home/sagar/AI-ML/evaluation/enterprise-knowledge-assistant/venv/lib/python3.11/site-packages/starlette/concurrency.py", line 34, in run_in_threadpool
    |     return await anyio.to_thread.run_sync(func)
    |            ^^^^^^^^^^^^^^^^^^^^^^^^^^^^^^^^^^^^
    |   File "/home/sagar/AI-ML/evaluation/enterprise-knowledge-assistant/venv/lib/python3.11/site-packages/anyio/to_thread.py", line 65, in run_sync
    |     return await get_async_backend().run_sync_in_worker_thread(
    |            ^^^^^^^^^^^^^^^^^^^^^^^^^^^^^^^^^^^^^^^^^^^^^^^^^^^^
    |   File "/home/sagar/AI-ML/evaluation/enterprise-knowledge-assistant/venv/lib/python3.11/site-packages/anyio/_backends/_asyncio.py", line 2641, in run_sync_in_worker_thread
    |     return await future
    |            ^^^^^^^^^^^^
    |   File "/home/sagar/AI-ML/evaluation/enterprise-knowledge-assistant/venv/lib/python3.11/site-packages/anyio/_backends/_asyncio.py", line 1033, in run
    |     result = context.run(func, *args)
    |              ^^^^^^^^^^^^^^^^^^^^^^^^
    |   File "/home/sagar/AI-ML/evaluation/enterprise-knowledge-assistant/app/api/deps.py", line 209, in get_rag_service
    |     return RAGService(
    |            ^^^^^^^^^^^
    | TypeError: RAGService.__init__() missing 1 required positional argument: 'guardrail_service'
    +------------------------------------

The above exception was the direct cause of the following exception:

Traceback (most recent call last):
  File "/home/sagar/AI-ML/evaluation/enterprise-knowledge-assistant/app/middleware/logging_middleware.py", line 56, in dispatch
    response = await call_next(request)
               ^^^^^^^^^^^^^^^^^^^^^^^^
  File "/home/sagar/AI-ML/evaluation/enterprise-knowledge-assistant/venv/lib/python3.11/site-packages/starlette/middleware/base.py", line 168, in call_next
    raise app_exc from app_exc.__cause__ or app_exc.__context__
  File "/home/sagar/AI-ML/evaluation/enterprise-knowledge-assistant/venv/lib/python3.11/site-packages/starlette/middleware/base.py", line 144, in coro
    await self.app(scope, receive_or_disconnect, send_no_error)
  File "/home/sagar/AI-ML/evaluation/enterprise-knowledge-assistant/venv/lib/python3.11/site-packages/starlette/middleware/base.py", line 193, in __call__
    response = await self.dispatch_func(request, call_next)
               ^^^^^^^^^^^^^^^^^^^^^^^^^^^^^^^^^^^^^^^^^^^^
  File "/home/sagar/AI-ML/evaluation/enterprise-knowledge-assistant/app/middleware/request_context.py", line 64, in dispatch
    response = await call_next(request)
               ^^^^^^^^^^^^^^^^^^^^^^^^
  File "/home/sagar/AI-ML/evaluation/enterprise-knowledge-assistant/venv/lib/python3.11/site-packages/starlette/middleware/base.py", line 168, in call_next
    raise app_exc from app_exc.__cause__ or app_exc.__context__
  File "/home/sagar/AI-ML/evaluation/enterprise-knowledge-assistant/venv/lib/python3.11/site-packages/starlette/middleware/base.py", line 144, in coro
    await self.app(scope, receive_or_disconnect, send_no_error)
  File "/home/sagar/AI-ML/evaluation/enterprise-knowledge-assistant/venv/lib/python3.11/site-packages/starlette/middleware/exceptions.py", line 63, in __call__
    await wrap_app_handling_exceptions(self.app, conn)(scope, receive, send)
  File "/home/sagar/AI-ML/evaluation/enterprise-knowledge-assistant/venv/lib/python3.11/site-packages/starlette/_exception_handler.py", line 53, in wrapped_app
    raise exc
  File "/home/sagar/AI-ML/evaluation/enterprise-knowledge-assistant/venv/lib/python3.11/site-packages/starlette/_exception_handler.py", line 42, in wrapped_app
    await app(scope, receive, sender)
  File "/home/sagar/AI-ML/evaluation/enterprise-knowledge-assistant/venv/lib/python3.11/site-packages/fastapi/middleware/asyncexitstack.py", line 18, in __call__
    await self.app(scope, receive, send)
  File "/home/sagar/AI-ML/evaluation/enterprise-knowledge-assistant/venv/lib/python3.11/site-packages/starlette/routing.py", line 660, in __call__
    await self.middleware_stack(scope, receive, send)
  File "/home/sagar/AI-ML/evaluation/enterprise-knowledge-assistant/venv/lib/python3.11/site-packages/fastapi/routing.py", line 2683, in app
    await route.handle(scope, receive, send)
  File "/home/sagar/AI-ML/evaluation/enterprise-knowledge-assistant/venv/lib/python3.11/site-packages/fastapi/routing.py", line 1753, in handle
    await self.original_router.handle(scope, receive, send)
  File "/home/sagar/AI-ML/evaluation/enterprise-knowledge-assistant/venv/lib/python3.11/site-packages/fastapi/routing.py", line 2738, in handle
    await included_router._handle_selected(scope, receive, send)
  File "/home/sagar/AI-ML/evaluation/enterprise-knowledge-assistant/venv/lib/python3.11/site-packages/fastapi/routing.py", line 1764, in _handle_selected
    await route.handle(scope, receive, send)
  File "/home/sagar/AI-ML/evaluation/enterprise-knowledge-assistant/venv/lib/python3.11/site-packages/fastapi/routing.py", line 1753, in handle
    await self.original_router.handle(scope, receive, send)
  File "/home/sagar/AI-ML/evaluation/enterprise-knowledge-assistant/venv/lib/python3.11/site-packages/fastapi/routing.py", line 2738, in handle
    await included_router._handle_selected(scope, receive, send)
  File "/home/sagar/AI-ML/evaluation/enterprise-knowledge-assistant/venv/lib/python3.11/site-packages/fastapi/routing.py", line 1773, in _handle_selected
    await original_route.handle(scope, receive, send)
  File "/home/sagar/AI-ML/evaluation/enterprise-knowledge-assistant/venv/lib/python3.11/site-packages/fastapi/routing.py", line 1264, in handle
    await app(scope, receive, send)
  File "/home/sagar/AI-ML/evaluation/enterprise-knowledge-assistant/venv/lib/python3.11/site-packages/fastapi/routing.py", line 150, in app
    await wrap_app_handling_exceptions(app, request)(scope, receive, send)
  File "/home/sagar/AI-ML/evaluation/enterprise-knowledge-assistant/venv/lib/python3.11/site-packages/starlette/_exception_handler.py", line 53, in wrapped_app
    raise exc
  File "/home/sagar/AI-ML/evaluation/enterprise-knowledge-assistant/venv/lib/python3.11/site-packages/starlette/_exception_handler.py", line 42, in wrapped_app
    await app(scope, receive, sender)
  File "/home/sagar/AI-ML/evaluation/enterprise-knowledge-assistant/venv/lib/python3.11/site-packages/fastapi/routing.py", line 136, in app
    response = await f(request)
               ^^^^^^^^^^^^^^^^
  File "/home/sagar/AI-ML/evaluation/enterprise-knowledge-assistant/venv/lib/python3.11/site-packages/fastapi/routing.py", line 473, in app
    solved_result = await solve_dependencies(
                    ^^^^^^^^^^^^^^^^^^^^^^^^^
  File "/home/sagar/AI-ML/evaluation/enterprise-knowledge-assistant/venv/lib/python3.11/site-packages/fastapi/dependencies/utils.py", line 680, in solve_dependencies
    solved = await run_in_threadpool(call, **solved_result.values)
             ^^^^^^^^^^^^^^^^^^^^^^^^^^^^^^^^^^^^^^^^^^^^^^^^^^^^^
  File "/home/sagar/AI-ML/evaluation/enterprise-knowledge-assistant/venv/lib/python3.11/site-packages/starlette/concurrency.py", line 34, in run_in_threadpool
    return await anyio.to_thread.run_sync(func)
           ^^^^^^^^^^^^^^^^^^^^^^^^^^^^^^^^^^^^
  File "/home/sagar/AI-ML/evaluation/enterprise-knowledge-assistant/venv/lib/python3.11/site-packages/anyio/to_thread.py", line 65, in run_sync
    return await get_async_backend().run_sync_in_worker_thread(
           ^^^^^^^^^^^^^^^^^^^^^^^^^^^^^^^^^^^^^^^^^^^^^^^^^^^^
  File "/home/sagar/AI-ML/evaluation/enterprise-knowledge-assistant/venv/lib/python3.11/site-packages/anyio/_backends/_asyncio.py", line 2641, in run_sync_in_worker_thread
    return await future
           ^^^^^^^^^^^^
  File "/home/sagar/AI-ML/evaluation/enterprise-knowledge-assistant/venv/lib/python3.11/site-packages/anyio/_backends/_asyncio.py", line 1033, in run
    result = context.run(func, *args)
             ^^^^^^^^^^^^^^^^^^^^^^^^
  File "/home/sagar/AI-ML/evaluation/enterprise-knowledge-assistant/app/api/deps.py", line 209, in get_rag_service
    return RAGService(
           ^^^^^^^^^^^
TypeError: RAGService.__init__() missing 1 required positional argument: 'guardrail_service'
2026-07-22 14:13:54,934 | ERROR    | logging_middleware.py:89 | Unhandled Exception POST /api/v1/query (14135.70 ms)
  + Exception Group Traceback (most recent call last):
  |   File "/home/sagar/AI-ML/evaluation/enterprise-knowledge-assistant/venv/lib/python3.11/site-packages/starlette/_utils.py", line 85, in create_collapsing_task_group
  |     async with anyio.create_task_group() as tg:
  |   File "/home/sagar/AI-ML/evaluation/enterprise-knowledge-assistant/venv/lib/python3.11/site-packages/anyio/_backends/_asyncio.py", line 815, in __aexit__
  |     raise BaseExceptionGroup(
  | ExceptionGroup: unhandled errors in a TaskGroup (1 sub-exception)
  +-+---------------- 1 ----------------
    | Traceback (most recent call last):
    |   File "/home/sagar/AI-ML/evaluation/enterprise-knowledge-assistant/app/middleware/logging_middleware.py", line 56, in dispatch
    |     response = await call_next(request)
    |                ^^^^^^^^^^^^^^^^^^^^^^^^
    |   File "/home/sagar/AI-ML/evaluation/enterprise-knowledge-assistant/venv/lib/python3.11/site-packages/starlette/middleware/base.py", line 168, in call_next
    |     raise app_exc from app_exc.__cause__ or app_exc.__context__
    |   File "/home/sagar/AI-ML/evaluation/enterprise-knowledge-assistant/venv/lib/python3.11/site-packages/starlette/middleware/base.py", line 144, in coro
    |     await self.app(scope, receive_or_disconnect, send_no_error)
    |   File "/home/sagar/AI-ML/evaluation/enterprise-knowledge-assistant/venv/lib/python3.11/site-packages/starlette/middleware/base.py", line 193, in __call__
    |     response = await self.dispatch_func(request, call_next)
    |                ^^^^^^^^^^^^^^^^^^^^^^^^^^^^^^^^^^^^^^^^^^^^
    |   File "/home/sagar/AI-ML/evaluation/enterprise-knowledge-assistant/app/middleware/request_context.py", line 64, in dispatch
    |     response = await call_next(request)
    |                ^^^^^^^^^^^^^^^^^^^^^^^^
    |   File "/home/sagar/AI-ML/evaluation/enterprise-knowledge-assistant/venv/lib/python3.11/site-packages/starlette/middleware/base.py", line 168, in call_next
    |     raise app_exc from app_exc.__cause__ or app_exc.__context__
    |   File "/home/sagar/AI-ML/evaluation/enterprise-knowledge-assistant/venv/lib/python3.11/site-packages/starlette/middleware/base.py", line 144, in coro
    |     await self.app(scope, receive_or_disconnect, send_no_error)
    |   File "/home/sagar/AI-ML/evaluation/enterprise-knowledge-assistant/venv/lib/python3.11/site-packages/starlette/middleware/exceptions.py", line 63, in __call__
    |     await wrap_app_handling_exceptions(self.app, conn)(scope, receive, send)
    |   File "/home/sagar/AI-ML/evaluation/enterprise-knowledge-assistant/venv/lib/python3.11/site-packages/starlette/_exception_handler.py", line 53, in wrapped_app
    |     raise exc
    |   File "/home/sagar/AI-ML/evaluation/enterprise-knowledge-assistant/venv/lib/python3.11/site-packages/starlette/_exception_handler.py", line 42, in wrapped_app
    |     await app(scope, receive, sender)
    |   File "/home/sagar/AI-ML/evaluation/enterprise-knowledge-assistant/venv/lib/python3.11/site-packages/fastapi/middleware/asyncexitstack.py", line 18, in __call__
    |     await self.app(scope, receive, send)
    |   File "/home/sagar/AI-ML/evaluation/enterprise-knowledge-assistant/venv/lib/python3.11/site-packages/starlette/routing.py", line 660, in __call__
    |     await self.middleware_stack(scope, receive, send)
    |   File "/home/sagar/AI-ML/evaluation/enterprise-knowledge-assistant/venv/lib/python3.11/site-packages/fastapi/routing.py", line 2683, in app
    |     await route.handle(scope, receive, send)
    |   File "/home/sagar/AI-ML/evaluation/enterprise-knowledge-assistant/venv/lib/python3.11/site-packages/fastapi/routing.py", line 1753, in handle
    |     await self.original_router.handle(scope, receive, send)
    |   File "/home/sagar/AI-ML/evaluation/enterprise-knowledge-assistant/venv/lib/python3.11/site-packages/fastapi/routing.py", line 2738, in handle
    |     await included_router._handle_selected(scope, receive, send)
    |   File "/home/sagar/AI-ML/evaluation/enterprise-knowledge-assistant/venv/lib/python3.11/site-packages/fastapi/routing.py", line 1764, in _handle_selected
    |     await route.handle(scope, receive, send)
    |   File "/home/sagar/AI-ML/evaluation/enterprise-knowledge-assistant/venv/lib/python3.11/site-packages/fastapi/routing.py", line 1753, in handle
    |     await self.original_router.handle(scope, receive, send)
    |   File "/home/sagar/AI-ML/evaluation/enterprise-knowledge-assistant/venv/lib/python3.11/site-packages/fastapi/routing.py", line 2738, in handle
    |     await included_router._handle_selected(scope, receive, send)
    |   File "/home/sagar/AI-ML/evaluation/enterprise-knowledge-assistant/venv/lib/python3.11/site-packages/fastapi/routing.py", line 1773, in _handle_selected
    |     await original_route.handle(scope, receive, send)
    |   File "/home/sagar/AI-ML/evaluation/enterprise-knowledge-assistant/venv/lib/python3.11/site-packages/fastapi/routing.py", line 1264, in handle
    |     await app(scope, receive, send)
    |   File "/home/sagar/AI-ML/evaluation/enterprise-knowledge-assistant/venv/lib/python3.11/site-packages/fastapi/routing.py", line 150, in app
    |     await wrap_app_handling_exceptions(app, request)(scope, receive, send)
    |   File "/home/sagar/AI-ML/evaluation/enterprise-knowledge-assistant/venv/lib/python3.11/site-packages/starlette/_exception_handler.py", line 53, in wrapped_app
    |     raise exc
    |   File "/home/sagar/AI-ML/evaluation/enterprise-knowledge-assistant/venv/lib/python3.11/site-packages/starlette/_exception_handler.py", line 42, in wrapped_app
    |     await app(scope, receive, sender)
    |   File "/home/sagar/AI-ML/evaluation/enterprise-knowledge-assistant/venv/lib/python3.11/site-packages/fastapi/routing.py", line 136, in app
    |     response = await f(request)
    |                ^^^^^^^^^^^^^^^^
    |   File "/home/sagar/AI-ML/evaluation/enterprise-knowledge-assistant/venv/lib/python3.11/site-packages/fastapi/routing.py", line 473, in app
    |     solved_result = await solve_dependencies(
    |                     ^^^^^^^^^^^^^^^^^^^^^^^^^
    |   File "/home/sagar/AI-ML/evaluation/enterprise-knowledge-assistant/venv/lib/python3.11/site-packages/fastapi/dependencies/utils.py", line 680, in solve_dependencies
    |     solved = await run_in_threadpool(call, **solved_result.values)
    |              ^^^^^^^^^^^^^^^^^^^^^^^^^^^^^^^^^^^^^^^^^^^^^^^^^^^^^
    |   File "/home/sagar/AI-ML/evaluation/enterprise-knowledge-assistant/venv/lib/python3.11/site-packages/starlette/concurrency.py", line 34, in run_in_threadpool
    |     return await anyio.to_thread.run_sync(func)
    |            ^^^^^^^^^^^^^^^^^^^^^^^^^^^^^^^^^^^^
    |   File "/home/sagar/AI-ML/evaluation/enterprise-knowledge-assistant/venv/lib/python3.11/site-packages/anyio/to_thread.py", line 65, in run_sync
    |     return await get_async_backend().run_sync_in_worker_thread(
    |            ^^^^^^^^^^^^^^^^^^^^^^^^^^^^^^^^^^^^^^^^^^^^^^^^^^^^
    |   File "/home/sagar/AI-ML/evaluation/enterprise-knowledge-assistant/venv/lib/python3.11/site-packages/anyio/_backends/_asyncio.py", line 2641, in run_sync_in_worker_thread
    |     return await future
    |            ^^^^^^^^^^^^
    |   File "/home/sagar/AI-ML/evaluation/enterprise-knowledge-assistant/venv/lib/python3.11/site-packages/anyio/_backends/_asyncio.py", line 1033, in run
    |     result = context.run(func, *args)
    |              ^^^^^^^^^^^^^^^^^^^^^^^^
    |   File "/home/sagar/AI-ML/evaluation/enterprise-knowledge-assistant/app/api/deps.py", line 215, in get_rag_service
    |     guardrail_service=guardrail_service,
    |                       ^^^^^^^^^^^^^^^^^
    | NameError: name 'guardrail_service' is not defined
    +------------------------------------

The above exception was the direct cause of the following exception:

Traceback (most recent call last):
  File "/home/sagar/AI-ML/evaluation/enterprise-knowledge-assistant/app/middleware/logging_middleware.py", line 56, in dispatch
    response = await call_next(request)
               ^^^^^^^^^^^^^^^^^^^^^^^^
  File "/home/sagar/AI-ML/evaluation/enterprise-knowledge-assistant/venv/lib/python3.11/site-packages/starlette/middleware/base.py", line 168, in call_next
    raise app_exc from app_exc.__cause__ or app_exc.__context__
  File "/home/sagar/AI-ML/evaluation/enterprise-knowledge-assistant/venv/lib/python3.11/site-packages/starlette/middleware/base.py", line 144, in coro
    await self.app(scope, receive_or_disconnect, send_no_error)
  File "/home/sagar/AI-ML/evaluation/enterprise-knowledge-assistant/venv/lib/python3.11/site-packages/starlette/middleware/base.py", line 193, in __call__
    response = await self.dispatch_func(request, call_next)
               ^^^^^^^^^^^^^^^^^^^^^^^^^^^^^^^^^^^^^^^^^^^^
  File "/home/sagar/AI-ML/evaluation/enterprise-knowledge-assistant/app/middleware/request_context.py", line 64, in dispatch
    response = await call_next(request)
               ^^^^^^^^^^^^^^^^^^^^^^^^
  File "/home/sagar/AI-ML/evaluation/enterprise-knowledge-assistant/venv/lib/python3.11/site-packages/starlette/middleware/base.py", line 168, in call_next
    raise app_exc from app_exc.__cause__ or app_exc.__context__
  File "/home/sagar/AI-ML/evaluation/enterprise-knowledge-assistant/venv/lib/python3.11/site-packages/starlette/middleware/base.py", line 144, in coro
    await self.app(scope, receive_or_disconnect, send_no_error)
  File "/home/sagar/AI-ML/evaluation/enterprise-knowledge-assistant/venv/lib/python3.11/site-packages/starlette/middleware/exceptions.py", line 63, in __call__
    await wrap_app_handling_exceptions(self.app, conn)(scope, receive, send)
  File "/home/sagar/AI-ML/evaluation/enterprise-knowledge-assistant/venv/lib/python3.11/site-packages/starlette/_exception_handler.py", line 53, in wrapped_app
    raise exc
  File "/home/sagar/AI-ML/evaluation/enterprise-knowledge-assistant/venv/lib/python3.11/site-packages/starlette/_exception_handler.py", line 42, in wrapped_app
    await app(scope, receive, sender)
  File "/home/sagar/AI-ML/evaluation/enterprise-knowledge-assistant/venv/lib/python3.11/site-packages/fastapi/middleware/asyncexitstack.py", line 18, in __call__
    await self.app(scope, receive, send)
  File "/home/sagar/AI-ML/evaluation/enterprise-knowledge-assistant/venv/lib/python3.11/site-packages/starlette/routing.py", line 660, in __call__
    await self.middleware_stack(scope, receive, send)
  File "/home/sagar/AI-ML/evaluation/enterprise-knowledge-assistant/venv/lib/python3.11/site-packages/fastapi/routing.py", line 2683, in app
    await route.handle(scope, receive, send)
  File "/home/sagar/AI-ML/evaluation/enterprise-knowledge-assistant/venv/lib/python3.11/site-packages/fastapi/routing.py", line 1753, in handle
    await self.original_router.handle(scope, receive, send)
  File "/home/sagar/AI-ML/evaluation/enterprise-knowledge-assistant/venv/lib/python3.11/site-packages/fastapi/routing.py", line 2738, in handle
    await included_router._handle_selected(scope, receive, send)
  File "/home/sagar/AI-ML/evaluation/enterprise-knowledge-assistant/venv/lib/python3.11/site-packages/fastapi/routing.py", line 1764, in _handle_selected
    await route.handle(scope, receive, send)
  File "/home/sagar/AI-ML/evaluation/enterprise-knowledge-assistant/venv/lib/python3.11/site-packages/fastapi/routing.py", line 1753, in handle
    await self.original_router.handle(scope, receive, send)
  File "/home/sagar/AI-ML/evaluation/enterprise-knowledge-assistant/venv/lib/python3.11/site-packages/fastapi/routing.py", line 2738, in handle
    await included_router._handle_selected(scope, receive, send)
  File "/home/sagar/AI-ML/evaluation/enterprise-knowledge-assistant/venv/lib/python3.11/site-packages/fastapi/routing.py", line 1773, in _handle_selected
    await original_route.handle(scope, receive, send)
  File "/home/sagar/AI-ML/evaluation/enterprise-knowledge-assistant/venv/lib/python3.11/site-packages/fastapi/routing.py", line 1264, in handle
    await app(scope, receive, send)
  File "/home/sagar/AI-ML/evaluation/enterprise-knowledge-assistant/venv/lib/python3.11/site-packages/fastapi/routing.py", line 150, in app
    await wrap_app_handling_exceptions(app, request)(scope, receive, send)
  File "/home/sagar/AI-ML/evaluation/enterprise-knowledge-assistant/venv/lib/python3.11/site-packages/starlette/_exception_handler.py", line 53, in wrapped_app
    raise exc
  File "/home/sagar/AI-ML/evaluation/enterprise-knowledge-assistant/venv/lib/python3.11/site-packages/starlette/_exception_handler.py", line 42, in wrapped_app
    await app(scope, receive, sender)
  File "/home/sagar/AI-ML/evaluation/enterprise-knowledge-assistant/venv/lib/python3.11/site-packages/fastapi/routing.py", line 136, in app
    response = await f(request)
               ^^^^^^^^^^^^^^^^
  File "/home/sagar/AI-ML/evaluation/enterprise-knowledge-assistant/venv/lib/python3.11/site-packages/fastapi/routing.py", line 473, in app
    solved_result = await solve_dependencies(
                    ^^^^^^^^^^^^^^^^^^^^^^^^^
  File "/home/sagar/AI-ML/evaluation/enterprise-knowledge-assistant/venv/lib/python3.11/site-packages/fastapi/dependencies/utils.py", line 680, in solve_dependencies
    solved = await run_in_threadpool(call, **solved_result.values)
             ^^^^^^^^^^^^^^^^^^^^^^^^^^^^^^^^^^^^^^^^^^^^^^^^^^^^^
  File "/home/sagar/AI-ML/evaluation/enterprise-knowledge-assistant/venv/lib/python3.11/site-packages/starlette/concurrency.py", line 34, in run_in_threadpool
    return await anyio.to_thread.run_sync(func)
           ^^^^^^^^^^^^^^^^^^^^^^^^^^^^^^^^^^^^
  File "/home/sagar/AI-ML/evaluation/enterprise-knowledge-assistant/venv/lib/python3.11/site-packages/anyio/to_thread.py", line 65, in run_sync
    return await get_async_backend().run_sync_in_worker_thread(
           ^^^^^^^^^^^^^^^^^^^^^^^^^^^^^^^^^^^^^^^^^^^^^^^^^^^^
  File "/home/sagar/AI-ML/evaluation/enterprise-knowledge-assistant/venv/lib/python3.11/site-packages/anyio/_backends/_asyncio.py", line 2641, in run_sync_in_worker_thread
    return await future
           ^^^^^^^^^^^^
  File "/home/sagar/AI-ML/evaluation/enterprise-knowledge-assistant/venv/lib/python3.11/site-packages/anyio/_backends/_asyncio.py", line 1033, in run
    result = context.run(func, *args)
             ^^^^^^^^^^^^^^^^^^^^^^^^
  File "/home/sagar/AI-ML/evaluation/enterprise-knowledge-assistant/app/api/deps.py", line 215, in get_rag_service
    guardrail_service=guardrail_service,
                      ^^^^^^^^^^^^^^^^^
NameError: name 'guardrail_service' is not defined
2026-07-22 14:20:23,084 | ERROR    | logging_middleware.py:89 | Unhandled Exception POST /api/v1/query (13339.16 ms)
  + Exception Group Traceback (most recent call last):
  |   File "/home/sagar/AI-ML/evaluation/enterprise-knowledge-assistant/venv/lib/python3.11/site-packages/starlette/_utils.py", line 85, in create_collapsing_task_group
  |     async with anyio.create_task_group() as tg:
  |   File "/home/sagar/AI-ML/evaluation/enterprise-knowledge-assistant/venv/lib/python3.11/site-packages/anyio/_backends/_asyncio.py", line 815, in __aexit__
  |     raise BaseExceptionGroup(
  | ExceptionGroup: unhandled errors in a TaskGroup (1 sub-exception)
  +-+---------------- 1 ----------------
    | Traceback (most recent call last):
    |   File "/home/sagar/AI-ML/evaluation/enterprise-knowledge-assistant/app/middleware/logging_middleware.py", line 56, in dispatch
    |     response = await call_next(request)
    |                ^^^^^^^^^^^^^^^^^^^^^^^^
    |   File "/home/sagar/AI-ML/evaluation/enterprise-knowledge-assistant/venv/lib/python3.11/site-packages/starlette/middleware/base.py", line 168, in call_next
    |     raise app_exc from app_exc.__cause__ or app_exc.__context__
    |   File "/home/sagar/AI-ML/evaluation/enterprise-knowledge-assistant/venv/lib/python3.11/site-packages/starlette/middleware/base.py", line 144, in coro
    |     await self.app(scope, receive_or_disconnect, send_no_error)
    |   File "/home/sagar/AI-ML/evaluation/enterprise-knowledge-assistant/venv/lib/python3.11/site-packages/starlette/middleware/base.py", line 193, in __call__
    |     response = await self.dispatch_func(request, call_next)
    |                ^^^^^^^^^^^^^^^^^^^^^^^^^^^^^^^^^^^^^^^^^^^^
    |   File "/home/sagar/AI-ML/evaluation/enterprise-knowledge-assistant/app/middleware/request_context.py", line 64, in dispatch
    |     response = await call_next(request)
    |                ^^^^^^^^^^^^^^^^^^^^^^^^
    |   File "/home/sagar/AI-ML/evaluation/enterprise-knowledge-assistant/venv/lib/python3.11/site-packages/starlette/middleware/base.py", line 168, in call_next
    |     raise app_exc from app_exc.__cause__ or app_exc.__context__
    |   File "/home/sagar/AI-ML/evaluation/enterprise-knowledge-assistant/venv/lib/python3.11/site-packages/starlette/middleware/base.py", line 144, in coro
    |     await self.app(scope, receive_or_disconnect, send_no_error)
    |   File "/home/sagar/AI-ML/evaluation/enterprise-knowledge-assistant/venv/lib/python3.11/site-packages/starlette/middleware/exceptions.py", line 63, in __call__
    |     await wrap_app_handling_exceptions(self.app, conn)(scope, receive, send)
    |   File "/home/sagar/AI-ML/evaluation/enterprise-knowledge-assistant/venv/lib/python3.11/site-packages/starlette/_exception_handler.py", line 53, in wrapped_app
    |     raise exc
    |   File "/home/sagar/AI-ML/evaluation/enterprise-knowledge-assistant/venv/lib/python3.11/site-packages/starlette/_exception_handler.py", line 42, in wrapped_app
    |     await app(scope, receive, sender)
    |   File "/home/sagar/AI-ML/evaluation/enterprise-knowledge-assistant/venv/lib/python3.11/site-packages/fastapi/middleware/asyncexitstack.py", line 18, in __call__
    |     await self.app(scope, receive, send)
    |   File "/home/sagar/AI-ML/evaluation/enterprise-knowledge-assistant/venv/lib/python3.11/site-packages/starlette/routing.py", line 660, in __call__
    |     await self.middleware_stack(scope, receive, send)
    |   File "/home/sagar/AI-ML/evaluation/enterprise-knowledge-assistant/venv/lib/python3.11/site-packages/fastapi/routing.py", line 2683, in app
    |     await route.handle(scope, receive, send)
    |   File "/home/sagar/AI-ML/evaluation/enterprise-knowledge-assistant/venv/lib/python3.11/site-packages/fastapi/routing.py", line 1753, in handle
    |     await self.original_router.handle(scope, receive, send)
    |   File "/home/sagar/AI-ML/evaluation/enterprise-knowledge-assistant/venv/lib/python3.11/site-packages/fastapi/routing.py", line 2738, in handle
    |     await included_router._handle_selected(scope, receive, send)
    |   File "/home/sagar/AI-ML/evaluation/enterprise-knowledge-assistant/venv/lib/python3.11/site-packages/fastapi/routing.py", line 1764, in _handle_selected
    |     await route.handle(scope, receive, send)
    |   File "/home/sagar/AI-ML/evaluation/enterprise-knowledge-assistant/venv/lib/python3.11/site-packages/fastapi/routing.py", line 1753, in handle
    |     await self.original_router.handle(scope, receive, send)
    |   File "/home/sagar/AI-ML/evaluation/enterprise-knowledge-assistant/venv/lib/python3.11/site-packages/fastapi/routing.py", line 2738, in handle
    |     await included_router._handle_selected(scope, receive, send)
    |   File "/home/sagar/AI-ML/evaluation/enterprise-knowledge-assistant/venv/lib/python3.11/site-packages/fastapi/routing.py", line 1773, in _handle_selected
    |     await original_route.handle(scope, receive, send)
    |   File "/home/sagar/AI-ML/evaluation/enterprise-knowledge-assistant/venv/lib/python3.11/site-packages/fastapi/routing.py", line 1264, in handle
    |     await app(scope, receive, send)
    |   File "/home/sagar/AI-ML/evaluation/enterprise-knowledge-assistant/venv/lib/python3.11/site-packages/fastapi/routing.py", line 150, in app
    |     await wrap_app_handling_exceptions(app, request)(scope, receive, send)
    |   File "/home/sagar/AI-ML/evaluation/enterprise-knowledge-assistant/venv/lib/python3.11/site-packages/starlette/_exception_handler.py", line 53, in wrapped_app
    |     raise exc
    |   File "/home/sagar/AI-ML/evaluation/enterprise-knowledge-assistant/venv/lib/python3.11/site-packages/starlette/_exception_handler.py", line 42, in wrapped_app
    |     await app(scope, receive, sender)
    |   File "/home/sagar/AI-ML/evaluation/enterprise-knowledge-assistant/venv/lib/python3.11/site-packages/fastapi/routing.py", line 136, in app
    |     response = await f(request)
    |                ^^^^^^^^^^^^^^^^
    |   File "/home/sagar/AI-ML/evaluation/enterprise-knowledge-assistant/venv/lib/python3.11/site-packages/fastapi/routing.py", line 690, in app
    |     raw_response = await run_endpoint_function(
    |                    ^^^^^^^^^^^^^^^^^^^^^^^^^^^^
    |   File "/home/sagar/AI-ML/evaluation/enterprise-knowledge-assistant/venv/lib/python3.11/site-packages/fastapi/routing.py", line 344, in run_endpoint_function
    |     return await dependant.call(**values)
    |            ^^^^^^^^^^^^^^^^^^^^^^^^^^^^^^
    |   File "/home/sagar/AI-ML/evaluation/enterprise-knowledge-assistant/app/api/routes/query_api.py", line 46, in query
    |     return await query_assistant(
    |            ^^^^^^^^^^^^^^^^^^^^^^
    |   File "/home/sagar/AI-ML/evaluation/enterprise-knowledge-assistant/app/controllers/query_controller.py", line 55, in query_assistant
    |     return QueryResponse(**result)
    |            ^^^^^^^^^^^^^^^^^^^^^^^
    |   File "/home/sagar/AI-ML/evaluation/enterprise-knowledge-assistant/venv/lib/python3.11/site-packages/pydantic/main.py", line 263, in __init__
    |     validated_self = self.__pydantic_validator__.validate_python(data, self_instance=self)
    |                      ^^^^^^^^^^^^^^^^^^^^^^^^^^^^^^^^^^^^^^^^^^^^^^^^^^^^^^^^^^^^^^^^^^^^^
    | pydantic_core._pydantic_core.ValidationError: 8 validation errors for QueryResponse
    | average_similarity
    |   Field required [type=missing, input_value={'session_id': 'streamlit... 'total_chunks_used': 0}, input_type=dict]
    |     For further information visit https://errors.pydantic.dev/2.13/v/missing
    | average_rerank_score
    |   Field required [type=missing, input_value={'session_id': 'streamlit... 'total_chunks_used': 0}, input_type=dict]
    |     For further information visit https://errors.pydantic.dev/2.13/v/missing
    | average_keyword_score
    |   Field required [type=missing, input_value={'session_id': 'streamlit... 'total_chunks_used': 0}, input_type=dict]
    |     For further information visit https://errors.pydantic.dev/2.13/v/missing
    | search_time_seconds
    |   Field required [type=missing, input_value={'session_id': 'streamlit... 'total_chunks_used': 0}, input_type=dict]
    |     For further information visit https://errors.pydantic.dev/2.13/v/missing
    | rerank_time_seconds
    |   Field required [type=missing, input_value={'session_id': 'streamlit... 'total_chunks_used': 0}, input_type=dict]
    |     For further information visit https://errors.pydantic.dev/2.13/v/missing
    | context_time_seconds
    |   Field required [type=missing, input_value={'session_id': 'streamlit... 'total_chunks_used': 0}, input_type=dict]
    |     For further information visit https://errors.pydantic.dev/2.13/v/missing
    | llm_time_seconds
    |   Field required [type=missing, input_value={'session_id': 'streamlit... 'total_chunks_used': 0}, input_type=dict]
    |     For further information visit https://errors.pydantic.dev/2.13/v/missing
    | pipeline_time_seconds
    |   Field required [type=missing, input_value={'session_id': 'streamlit... 'total_chunks_used': 0}, input_type=dict]
    |     For further information visit https://errors.pydantic.dev/2.13/v/missing
    +------------------------------------

The above exception was the direct cause of the following exception:

Traceback (most recent call last):
  File "/home/sagar/AI-ML/evaluation/enterprise-knowledge-assistant/app/middleware/logging_middleware.py", line 56, in dispatch
    response = await call_next(request)
               ^^^^^^^^^^^^^^^^^^^^^^^^
  File "/home/sagar/AI-ML/evaluation/enterprise-knowledge-assistant/venv/lib/python3.11/site-packages/starlette/middleware/base.py", line 168, in call_next
    raise app_exc from app_exc.__cause__ or app_exc.__context__
  File "/home/sagar/AI-ML/evaluation/enterprise-knowledge-assistant/venv/lib/python3.11/site-packages/starlette/middleware/base.py", line 144, in coro
    await self.app(scope, receive_or_disconnect, send_no_error)
  File "/home/sagar/AI-ML/evaluation/enterprise-knowledge-assistant/venv/lib/python3.11/site-packages/starlette/middleware/base.py", line 193, in __call__
    response = await self.dispatch_func(request, call_next)
               ^^^^^^^^^^^^^^^^^^^^^^^^^^^^^^^^^^^^^^^^^^^^
  File "/home/sagar/AI-ML/evaluation/enterprise-knowledge-assistant/app/middleware/request_context.py", line 64, in dispatch
    response = await call_next(request)
               ^^^^^^^^^^^^^^^^^^^^^^^^
  File "/home/sagar/AI-ML/evaluation/enterprise-knowledge-assistant/venv/lib/python3.11/site-packages/starlette/middleware/base.py", line 168, in call_next
    raise app_exc from app_exc.__cause__ or app_exc.__context__
  File "/home/sagar/AI-ML/evaluation/enterprise-knowledge-assistant/venv/lib/python3.11/site-packages/starlette/middleware/base.py", line 144, in coro
    await self.app(scope, receive_or_disconnect, send_no_error)
  File "/home/sagar/AI-ML/evaluation/enterprise-knowledge-assistant/venv/lib/python3.11/site-packages/starlette/middleware/exceptions.py", line 63, in __call__
    await wrap_app_handling_exceptions(self.app, conn)(scope, receive, send)
  File "/home/sagar/AI-ML/evaluation/enterprise-knowledge-assistant/venv/lib/python3.11/site-packages/starlette/_exception_handler.py", line 53, in wrapped_app
    raise exc
  File "/home/sagar/AI-ML/evaluation/enterprise-knowledge-assistant/venv/lib/python3.11/site-packages/starlette/_exception_handler.py", line 42, in wrapped_app
    await app(scope, receive, sender)
  File "/home/sagar/AI-ML/evaluation/enterprise-knowledge-assistant/venv/lib/python3.11/site-packages/fastapi/middleware/asyncexitstack.py", line 18, in __call__
    await self.app(scope, receive, send)
  File "/home/sagar/AI-ML/evaluation/enterprise-knowledge-assistant/venv/lib/python3.11/site-packages/starlette/routing.py", line 660, in __call__
    await self.middleware_stack(scope, receive, send)
  File "/home/sagar/AI-ML/evaluation/enterprise-knowledge-assistant/venv/lib/python3.11/site-packages/fastapi/routing.py", line 2683, in app
    await route.handle(scope, receive, send)
  File "/home/sagar/AI-ML/evaluation/enterprise-knowledge-assistant/venv/lib/python3.11/site-packages/fastapi/routing.py", line 1753, in handle
    await self.original_router.handle(scope, receive, send)
  File "/home/sagar/AI-ML/evaluation/enterprise-knowledge-assistant/venv/lib/python3.11/site-packages/fastapi/routing.py", line 2738, in handle
    await included_router._handle_selected(scope, receive, send)
  File "/home/sagar/AI-ML/evaluation/enterprise-knowledge-assistant/venv/lib/python3.11/site-packages/fastapi/routing.py", line 1764, in _handle_selected
    await route.handle(scope, receive, send)
  File "/home/sagar/AI-ML/evaluation/enterprise-knowledge-assistant/venv/lib/python3.11/site-packages/fastapi/routing.py", line 1753, in handle
    await self.original_router.handle(scope, receive, send)
  File "/home/sagar/AI-ML/evaluation/enterprise-knowledge-assistant/venv/lib/python3.11/site-packages/fastapi/routing.py", line 2738, in handle
    await included_router._handle_selected(scope, receive, send)
  File "/home/sagar/AI-ML/evaluation/enterprise-knowledge-assistant/venv/lib/python3.11/site-packages/fastapi/routing.py", line 1773, in _handle_selected
    await original_route.handle(scope, receive, send)
  File "/home/sagar/AI-ML/evaluation/enterprise-knowledge-assistant/venv/lib/python3.11/site-packages/fastapi/routing.py", line 1264, in handle
    await app(scope, receive, send)
  File "/home/sagar/AI-ML/evaluation/enterprise-knowledge-assistant/venv/lib/python3.11/site-packages/fastapi/routing.py", line 150, in app
    await wrap_app_handling_exceptions(app, request)(scope, receive, send)
  File "/home/sagar/AI-ML/evaluation/enterprise-knowledge-assistant/venv/lib/python3.11/site-packages/starlette/_exception_handler.py", line 53, in wrapped_app
    raise exc
  File "/home/sagar/AI-ML/evaluation/enterprise-knowledge-assistant/venv/lib/python3.11/site-packages/starlette/_exception_handler.py", line 42, in wrapped_app
    await app(scope, receive, sender)
  File "/home/sagar/AI-ML/evaluation/enterprise-knowledge-assistant/venv/lib/python3.11/site-packages/fastapi/routing.py", line 136, in app
    response = await f(request)
               ^^^^^^^^^^^^^^^^
  File "/home/sagar/AI-ML/evaluation/enterprise-knowledge-assistant/venv/lib/python3.11/site-packages/fastapi/routing.py", line 690, in app
    raw_response = await run_endpoint_function(
                   ^^^^^^^^^^^^^^^^^^^^^^^^^^^^
  File "/home/sagar/AI-ML/evaluation/enterprise-knowledge-assistant/venv/lib/python3.11/site-packages/fastapi/routing.py", line 344, in run_endpoint_function
    return await dependant.call(**values)
           ^^^^^^^^^^^^^^^^^^^^^^^^^^^^^^
  File "/home/sagar/AI-ML/evaluation/enterprise-knowledge-assistant/app/api/routes/query_api.py", line 46, in query
    return await query_assistant(
           ^^^^^^^^^^^^^^^^^^^^^^
  File "/home/sagar/AI-ML/evaluation/enterprise-knowledge-assistant/app/controllers/query_controller.py", line 55, in query_assistant
    return QueryResponse(**result)
           ^^^^^^^^^^^^^^^^^^^^^^^
  File "/home/sagar/AI-ML/evaluation/enterprise-knowledge-assistant/venv/lib/python3.11/site-packages/pydantic/main.py", line 263, in __init__
    validated_self = self.__pydantic_validator__.validate_python(data, self_instance=self)
                     ^^^^^^^^^^^^^^^^^^^^^^^^^^^^^^^^^^^^^^^^^^^^^^^^^^^^^^^^^^^^^^^^^^^^^
pydantic_core._pydantic_core.ValidationError: 8 validation errors for QueryResponse
average_similarity
  Field required [type=missing, input_value={'session_id': 'streamlit... 'total_chunks_used': 0}, input_type=dict]
    For further information visit https://errors.pydantic.dev/2.13/v/missing
average_rerank_score
  Field required [type=missing, input_value={'session_id': 'streamlit... 'total_chunks_used': 0}, input_type=dict]
    For further information visit https://errors.pydantic.dev/2.13/v/missing
average_keyword_score
  Field required [type=missing, input_value={'session_id': 'streamlit... 'total_chunks_used': 0}, input_type=dict]
    For further information visit https://errors.pydantic.dev/2.13/v/missing
search_time_seconds
  Field required [type=missing, input_value={'session_id': 'streamlit... 'total_chunks_used': 0}, input_type=dict]
    For further information visit https://errors.pydantic.dev/2.13/v/missing
rerank_time_seconds
  Field required [type=missing, input_value={'session_id': 'streamlit... 'total_chunks_used': 0}, input_type=dict]
    For further information visit https://errors.pydantic.dev/2.13/v/missing
context_time_seconds
  Field required [type=missing, input_value={'session_id': 'streamlit... 'total_chunks_used': 0}, input_type=dict]
    For further information visit https://errors.pydantic.dev/2.13/v/missing
llm_time_seconds
  Field required [type=missing, input_value={'session_id': 'streamlit... 'total_chunks_used': 0}, input_type=dict]
    For further information visit https://errors.pydantic.dev/2.13/v/missing
pipeline_time_seconds
  Field required [type=missing, input_value={'session_id': 'streamlit... 'total_chunks_used': 0}, input_type=dict]
    For further information visit https://errors.pydantic.dev/2.13/v/missing
